Workbook
Name ZZZ: Parc!$CTC$105
Name ZZZ105: Parc!$CTC$105

Sheet Parc
A1: Endpoint Name | B1: Last Logged In User | C1: ACTIONS | D1: Date d'exdecution | E1: Device Type | F1: spécifications | G1: Model Name | H1: CPU Type | I1: Disk Encryption | J1: Console Visible IP | K1: Agent Version | L1: Serial Number | M1: Subscribed On | N1: OS Version | O1: Architecture | P1: Memory | Q1: upgrade Ram | R1: SUpp user | S1: Bâtiment | T1: CPU Count | U1: Core Count | V1: Management Connectivity | W1: Network Status | X1: Update Status | Y1: Scan Status | Z1: Last Reported IP | AA1: Pending Uninstall | AB1: Agent UUID | AC1: Agent ID | AD1: Customer Identifier | AE1: Console Migration Status | AF1: Operational State | AG1: Operational State Expiration | AH1: Last Reboot Date | AI1: Installer Type | AJ1: Reboot Required due to Threat | AK1: User Action Required | AL1: Remote Profiling State | AM1: Remote Profiling Expiration | AN1: Storage Type | AO1: Storage Name | AP1: Cloud Account | AQ1: Cloud Location | AR1: Cloud Network | AS1: Cloud Image | AT1: Cloud Tags | AU1: Cloud Instance Size | AV1: Cloud Instance ID | AW1: Cloud Security Group | AX1: Cluster Name | AY1: K8s Type | AZ1: K8s Version | BA1: Agent Namespace | BB1: Agent Pod Name | BC1: K8s Node Name | BD1: K8s Node Labels | BE1: ECS Type | BF1: ECS Version | BG1: ECS Cluster Name | BH1: ECS Task Arn | BI1: ECS Task Availability Zone | BJ1: ECS Service Name | BK1: ECS Service Arn | BL1: ECS Task Definition Family | BM1: ECS Task Definition Revision | BN1: ECS Task Definition Arn | BO1: Is Uninstalled | BP1: Decommissioned at | BQ1: Missing Permissions | BR1: Service | BS1: Réaffecté
A2: AMP-12-007D | B2: gberva | C2: A CHANGER | D2: changé 24/10/2025 | E2: desktop | G2: Dell Inc. - OptiPlex 9010 | H2: Intel(R) Core(TM) i5-3550 CPU @ 3.30GHz | I2: Off | J2: 185.149.219.108 | K2: 23.4.4.223 | L2: DPV9D5J | M2: May 31, 2023 06:22:10 PM | N2: Windows 10 Professionnel,19045 | O2: 64 bit | P2: 8 GB | S2: historique | T2: 1 | U2: 4 | V2: Offline | W2: Connected | X2: Up to date | Y2: N/A | Z2: 192.168.16.66 | AA2: No | AB2: eba56c7003e9464990aa3f46a6594827 | AC2: 1.69725e+18 | AD2: N/A | AE2: N/A | AF2: Not disabled | AG2: N/A | AH2: May 27, 2025 06:41:05 AM | AI2: MSI | AJ2: No | AK2: No | AL2: disabled | AM2: N/A | AN2: N/A | AO2: N/A | AP2: N/A | AQ2: N/A | AR2: N/A | AS2: N/A | AT2: N/A | AU2: N/A | AV2: N/A | AW2: N/A | AX2: N/A | AY2: N/A | AZ2: N/A | BA2: N/A | BB2: N/A | BC2: N/A | BD2: N/A | BE2: N/A | BF2: N/A | BG2: N/A | BH2: N/A | BI2: N/A | BJ2: N/A | BK2: N/A | BL2: N/A | BM2: N/A | BN2: N/A | BO2: No | BP2: N/A | BQ2: N/A | BR2: image
A3: AMP-12-022L | B3: pgeneau | C3: UPDATE | D3: maj 04/11/2025 | E3: laptop | G3: Dell Inc. - Latitude E5530 non-vPro | H3: Intel(R) Core(TM) i5-3210M CPU @ 2.50GHz | I3: Off | J3: 82.96.154.199 | K3: 23.4.4.223 | L3: 74VZFV1 | M3: May 02, 2024 01:30:44 PM | N3: Windows 10 Professionnel,19045 | O3: 64 bit | P3: 4 GB | T3: 1 | U3: 2 | V3: Online | W3: Connected | X3: Up to date | Y3: N/A | Z3: 172.20.16.29 | AA3: No | AB3: fdf414dd9d374882aa4c8b6975566e85 | AC3: 1.94136e+18 | AD3: N/A | AE3: N/A | AF3: Not disabled | AG3: N/A | AH3: May 21, 2025 06:22:13 AM | AI3: MSI | AJ3: No | AK3: No | AL3: disabled | AM3: N/A | AN3: N/A | AO3: N/A | AP3: N/A | AQ3: N/A | AR3: N/A | AS3: N/A | AT3: N/A | AU3: N/A | AV3: N/A | AW3: N/A | AX3: N/A | AY3: N/A | AZ3: N/A | BA3: N/A | BB3: N/A | BC3: N/A | BD3: N/A | BE3: N/A | BF3: N/A | BG3: N/A | BH3: N/A | BI3: N/A | BJ3: N/A | BK3: N/A | BL3: N/A | BM3: N/A | BN3: N/A | BO3: No | BP3: N/A | BQ3: N/A
A4: AMP-13-001D | B4: magups | C4: UPDATE | D4: MAJ 26/11/2025 | E4: desktop | F4: Venir de 12H30 à 13H30 | G4: Dell Inc. - OptiPlex 3020 | H4: Intel(R) Core(TM) i3-4130 CPU @ 3.40GHz | I4: Off | J4: 185.149.219.108 | K4: 23.4.4.223 | L4: 1YTQPZ1 | M4: Jun 07, 2023 03:04:20 PM | N4: Windows 10 Professionnel,19045 | O4: 64 bit | P4: 4 GB | Q4: 4>8 | S4: Logistique | T4: 1 | U4: 2 | V4: Online | W4: Connected | X4: Up to date | Y4: N/A | Z4: 192.168.16.137 | AA4: No | AB4: dfe61ac38445401d87ff8822e738a40c | AC4: 1.70223e+18 | AD4: N/A | AE4: N/A | AF4: Not disabled | AG4: N/A | AH4: May 20, 2025 12:21:53 PM | AI4: MSI | AJ4: No | AK4: No | AL4: disabled | AM4: N/A | AN4: N/A | AO4: N/A | AP4: N/A | AQ4: N/A | AR4: N/A | AS4: N/A | AT4: N/A | AU4: N/A | AV4: N/A | AW4: N/A | AX4: N/A | AY4: N/A | AZ4: N/A | BA4: N/A | BB4: N/A | BC4: N/A | BD4: N/A | BE4: N/A | BF4: N/A | BG4: N/A | BH4: N/A | BI4: N/A | BJ4: N/A | BK4: N/A | BL4: N/A | BM4: N/A | BN4: N/A | BO4: No | BP4: N/A | BQ4: N/A | BR4: Magasin
A5: AMP-13-002D | B5: icontrole | C5: UPDATE | D5: maj 22/10/2025 | E5: desktop | G5: Dell Inc. - OptiPlex 3010 | H5: Intel(R) Core(TM) i3-3220 CPU @ 3.30GHz | I5: Off | J5: 185.149.219.108 | K5: 23.4.4.223 | L5: 54F3J5J | M5: Jun 07, 2023 03:05:11 PM | N5: Windows 10 Professionnel,19045 | O5: 64 bit | P5: 4 GB | Q5: 4>8 | S5: historique | T5: 1 | U5: 2 | V5: Offline | W5: Connected | X5: Up to date | Y5: N/A | Z5: 192.168.17.160 | AA5: No | AB5: e834e98bcbfd494b918ae3399ea5d051 | AC5: 1.70223e+18 | AD5: N/A | AE5: N/A | AF5: Not disabled | AG5: N/A | AH5: May 19, 2025 01:06:09 PM | AI5: MSI | AJ5: No | AK5: No | AL5: disabled | AM5: N/A | AN5: N/A | AO5: N/A | AP5: N/A | AQ5: N/A | AR5: N/A | AS5: N/A | AT5: N/A | AU5: N/A | AV5: N/A | AW5: N/A | AX5: N/A | AY5: N/A | AZ5: N/A | BA5: N/A | BB5: N/A | BC5: N/A | BD5: N/A | BE5: N/A | BF5: N/A | BG5: N/A | BH5: N/A | BI5: N/A | BJ5: N/A | BK5: N/A | BL5: N/A | BM5: N/A | BN5: N/A | BO5: No | BP5: N/A | BQ5: N/A | BR5: contrôle qualité
A6: AMP-13-011D | B6: banc_test | C6: UPDATE | D6: MAJ 10/12/2025 | E6: desktop | F6: Attendre autorisation Arnaud | G6: Dell Inc. - Precision T1650 | H6: Intel(R) Core(TM) i7-3770 CPU @ 3.40GHz | I6: Off | J6: 185.149.219.108 | K6: 23.4.4.223 | L6: 16M8WX1 | M6: Jun 06, 2023 01:29:14 PM | N6: Windows 10 Professionnel,19045 | O6: 64 bit | P6: 8 GB | S6: Historique | T6: 1 | U6: 4 | V6: Offline | W6: Connected | X6: Up to date | Y6: N/A | Z6: 192.168.17.2 | AA6: No | AB6: db6c5259662c4f16ab356c5f233f1dfd | AC6: 1.70146e+18 | AD6: N/A | AE6: N/A | AF6: Not disabled | AG6: N/A | AH6: May 19, 2025 07:50:55 AM | AI6: MSI | AJ6: No | AK6: No | AL6: disabled | AM6: N/A | AN6: N/A | AO6: N/A | AP6: N/A | AQ6: N/A | AR6: N/A | AS6: N/A | AT6: N/A | AU6: N/A | AV6: N/A | AW6: N/A | AX6: N/A | AY6: N/A | AZ6: N/A | BA6: N/A | BB6: N/A | BC6: N/A | BD6: N/A | BE6: N/A | BF6: N/A | BG6: N/A | BH6: N/A | BI6: N/A | BJ6: N/A | BK6: N/A | BL6: N/A | BM6: N/A | BN6: N/A | BO6: No | BP6: N/A | BQ6: N/A | BR6: EOL / LABO
A7: AMP-13-021D | B7: gberva | C7: UPDATE | D7: MAJ le 08/12/2025 | E7: desktop | F7: voir avec Djamel | G7: Dell Inc. - Precision T1700 | H7: Intel(R) Core(TM) i7-4770 CPU @ 3.40GHz | I7: Off | J7: 185.149.219.108 | K7: 23.4.4.223 | L7: 3C9GGZ1 | M7: Jun 07, 2023 03:09:29 PM | N7: Windows 10 Professionnel,19045 | O7: 64 bit | P7: 16 GB | S7: historique | T7: 1 | U7: 4 | V7: Online | W7: Connected | X7: Up to date | Y7: N/A | Z7: 192.168.17.152 | AA7: No | AB7: df06255281b94da1984102f67dc6c7dd | AC7: 1.70223e+18 | AD7: N/A | AE7: N/A | AF7: Not disabled | AG7: N/A | AH7: May 27, 2025 09:11:01 AM | AI7: MSI | AJ7: No | AK7: No | AL7: disabled | AM7: N/A | AN7: N/A | AO7: N/A | AP7: N/A | AQ7: N/A | AR7: N/A | AS7: N/A | AT7: N/A | AU7: N/A | AV7: N/A | AW7: N/A | AX7: N/A | AY7: N/A | AZ7: N/A | BA7: N/A | BB7: N/A | BC7: N/A | BD7: N/A | BE7: N/A | BF7: N/A | BG7: N/A | BH7: N/A | BI7: N/A | BJ7: N/A | BK7: N/A | BL7: N/A | BM7: N/A | BN7: N/A | BO7: No | BP7: N/A | BQ7: N/A | BR7: contrôle qualité
A8: AMP-13-023D | B8: sremil | C8: A CHANGER | D8: Changé le 11/12/2025 | E8: desktop | G8: Dell Inc. - OptiPlex 3010 | H8: Intel(R) Core(TM) i3-3220 CPU @ 3.30GHz | I8: Off | J8: 185.149.219.108 | K8: 23.4.4.223 | L8: 69TD3Y1 | M8: Jun 08, 2023 08:34:42 AM | N8: Windows 10 Professionnel,19045 | O8: 64 bit | P8: 4 GB | S8: Historique | T8: 1 | U8: 2 | V8: Online | W8: Connected | X8: Up to date | Y8: N/A | Z8: 192.168.16.100 | AA8: No | AB8: 7ad66fe5cc4540c081270684da53f2b4 | AC8: 1.70276e+18 | AD8: N/A | AE8: N/A | AF8: Not disabled | AG8: N/A | AH8: May 15, 2025 06:46:32 AM | AI8: MSI | AJ8: No | AK8: No | AL8: disabled | AM8: N/A | AN8: N/A | AO8: N/A | AP8: N/A | AQ8: N/A | AR8: N/A | AS8: N/A | AT8: N/A | AU8: N/A | AV8: N/A | AW8: N/A | AX8: N/A | AY8: N/A | AZ8: N/A | BA8: N/A | BB8: N/A | BC8: N/A | BD8: N/A | BE8: N/A | BF8: N/A | BG8: N/A | BH8: N/A | BI8: N/A | BJ8: N/A | BK8: N/A | BL8: N/A | BM8: N/A | BN8: N/A | BO8: No | BP8: N/A | BQ8: N/A | BR8: Compta
A9: AMP-14-005D | B9: abaillot | C9: UPDATE | D9: maj 29/10/2025 | E9: desktop | G9: Dell Inc. - OptiPlex 3020 | H9: Intel(R) Core(TM) i3-4130 CPU @ 3.40GHz | I9: Off | J9: 185.149.219.108 | K9: 23.4.4.223 | L9: 3ZTQPZ1 | M9: Jun 13, 2023 09:27:56 AM | N9: Windows 10 Professionnel,19045 | O9: 64 bit | P9: 4 GB | Q9: 4>8 | S9: historique | T9: 1 | U9: 2 | V9: Offline | W9: Connected | X9: Up to date | Y9: Completed( Apr 05, 2024 06:41:52 AM ) | Z9: 172.17.10.157 | AA9: No | AB9: d461ffe4013748d698dd1cc843cd66d7 | AC9: 1.70641e+18 | AD9: N/A | AE9: N/A | AF9: Not disabled | AG9: N/A | AH9: May 23, 2025 02:50:02 PM | AI9: MSI | AJ9: No | AK9: No | AL9: disabled | AM9: N/A | AN9: N/A | AO9: N/A | AP9: N/A | AQ9: N/A | AR9: N/A | AS9: N/A | AT9: N/A | AU9: N/A | AV9: N/A | AW9: N/A | AX9: N/A | AY9: N/A | AZ9: N/A | BA9: N/A | BB9: N/A | BC9: N/A | BD9: N/A | BE9: N/A | BF9: N/A | BG9: N/A | BH9: N/A | BI9: N/A | BJ9: N/A | BK9: N/A | BL9: N/A | BM9: N/A | BN9: N/A | BO9: No | BP9: N/A | BQ9: N/A | BR9: compta
A10: AMP-14-008D | B10: jmortier | C10: UPDATE | D10: MAJ 12/11/25 | E10: desktop | F10: Voir avec Djamel | G10: Dell Inc. - Precision T1700 | H10: Intel(R) Core(TM) i7-4770 CPU @ 3.40GHz | I10: Off | J10: 185.149.219.108 | K10: 23.4.4.223 | L10: BJXBV02 | M10: May 24, 2023 07:53:22 PM | N10: Windows 10 Professionnel,19045 | O10: 64 bit | P10: 16 GB | S10: PROD | T10: 1 | U10: 4 | V10: Online | W10: Connected | X10: Up to date | Y10: N/A | Z10: 192.168.17.17 | AA10: No | AB10: 1db44efd38f64505bee6cf99508f9daa | AC10: 1.69223e+18 | AD10: N/A | AE10: N/A | AF10: Not disabled | AG10: N/A | AH10: May 19, 2025 07:09:39 AM | AI10: MSI | AJ10: No | AK10: No | AL10: disabled | AM10: N/A | AN10: N/A | AO10: N/A | AP10: N/A | AQ10: N/A | AR10: N/A | AS10: N/A | AT10: N/A | AU10: N/A | AV10: N/A | AW10: N/A | AX10: N/A | AY10: N/A | AZ10: N/A | BA10: N/A | BB10: N/A | BC10: N/A | BD10: N/A | BE10: N/A | BF10: N/A | BG10: N/A | BH10: N/A | BI10: N/A | BJ10: N/A | BK10: N/A | BL10: N/A | BM10: N/A | BN10: N/A | BO10: No | BP10: N/A | BQ10: N/A | BR10: contrôle qualité (métrologie)
A11: AMP-14-010L | B11: qlaulagnet | C11: UPDATE | D11: MAJ 25/11/2025 | E11: laptop | F11: A faire le 25/11 MATIN | G11: Dell Inc. - Precision M4800 | H11: Intel(R) Core(TM) i7-4800MQ CPU @ 2.70GHz | I11: On | J11: 185.149.219.108 | K11: 23.4.4.223 | L11: 7MHLYZ1 | M11: Jun 07, 2023 07:15:30 AM | N11: Windows 10 Professionnel,19045 | O11: 64 bit | P11: 8 GB | S11: PROD | T11: 1 | U11: 4 | V11: Offline | W11: Connected | X11: Up to date | Y11: N/A | Z11: 192.168.17.149 | AA11: No | AB11: 6ce2b51a1648454c944b7045a6714778 | AC11: 1.70199e+18 | AD11: N/A | AE11: N/A | AF11: Not disabled | AG11: N/A | AH11: May 21, 2025 07:46:08 AM | AI11: MSI | AJ11: No | AK11: No | AL11: disabled | AM11: N/A | AN11: N/A | AO11: N/A | AP11: N/A | AQ11: N/A | AR11: N/A | AS11: N/A | AT11: N/A | AU11: N/A | AV11: N/A | AW11: N/A | AX11: N/A | AY11: N/A | AZ11: N/A | BA11: N/A | BB11: N/A | BC11: N/A | BD11: N/A | BE11: N/A | BF11: N/A | BG11: N/A | BH11: N/A | BI11: N/A | BJ11: N/A | BK11: N/A | BL11: N/A | BM11: N/A | BN11: N/A | BO11: No | BP11: N/A | BQ11: N/A | BR11: logistique
A12: AMP-14-012D | B12: rreverchon | C12: UPDATE | D12: maj 30/10/2025 | E12: desktop | G12: Dell Inc. - OptiPlex 3020 | H12: Intel(R) Core(TM) i3-4130 CPU @ 3.40GHz | I12: Off | J12: 185.149.219.108 | K12: 23.4.4.223 | L12: BPSP212 | M12: Jun 08, 2023 08:37:24 AM | N12: Windows 10 Pro,19045 | O12: 64 bit | P12: 4 GB | Q12: 4>8 | S12: historique | T12: 1 | U12: 2 | V12: Offline | W12: Connected | X12: Up to date | Y12: N/A | Z12: 192.168.17.140 | AA12: No | AB12: 392785bfabc041d2a585db3881d15109 | AC12: 1.70276e+18 | AD12: N/A | AE12: N/A | AF12: Not disabled | AG12: N/A | AH12: May 20, 2025 06:08:09 AM | AI12: MSI | AJ12: No | AK12: No | AL12: disabled | AM12: N/A | AN12: N/A | AO12: N/A | AP12: N/A | AQ12: N/A | AR12: N/A | AS12: N/A | AT12: N/A | AU12: N/A | AV12: N/A | AW12: N/A | AX12: N/A | AY12: N/A | AZ12: N/A | BA12: N/A | BB12: N/A | BC12: N/A | BD12: N/A | BE12: N/A | BF12: N/A | BG12: N/A | BH12: N/A | BI12: N/A | BJ12: N/A | BK12: N/A | BL12: N/A | BM12: N/A | BN12: N/A | BO12: No | BP12: N/A | BQ12: N/A | BR12: réception
A13: AMP-14-018D | B13: Administrateur | C13: UPDATE | D13: MAJ 13/11/2025 | E13: desktop | F13: Voir avec Djamel | G13: Dell Inc. - Precision T1700 | H13: Intel(R) Core(TM) i7-4770 CPU @ 3.40GHz | I13: Off | J13: 185.149.219.108 | K13: 23.4.4.223 | L13: 3LDN212 | M13: May 31, 2023 06:23:39 PM | N13: Windows 10 Professionnel,19045 | O13: 64 bit | P13: 16 GB | S13: PROD | T13: 1 | U13: 4 | V13: Online | W13: Connected | X13: Up to date | Y13: N/A | Z13: 192.168.17.42 | AA13: No | AB13: 87d6295c77cd4caab856b03f03cfa9bc | AC13: 1.69726e+18 | AD13: N/A | AE13: N/A | AF13: Not disabled | AG13: N/A | AH13: May 27, 2025 12:21:04 PM | AI13: MSI | AJ13: No | AK13: No | AL13: disabled | AM13: N/A | AN13: N/A | AO13: N/A | AP13: N/A | AQ13: N/A | AR13: N/A | AS13: N/A | AT13: N/A | AU13: N/A | AV13: N/A | AW13: N/A | AX13: N/A | AY13: N/A | AZ13: N/A | BA13: N/A | BB13: N/A | BC13: N/A | BD13: N/A | BE13: N/A | BF13: N/A | BG13: N/A | BH13: N/A | BI13: N/A | BJ13: N/A | BK13: N/A | BL13: N/A | BM13: N/A | BN13: N/A | BO13: No | BP13: N/A | BQ13: N/A | BR13: contrôle qualité (métrologie)
A14: AMP-14-028D | B14: sbarthelemy | C14: A CHANGER | D14: changé 25/11/2025 | E14: desktop | G14: Dell Inc. - OptiPlex 3020 | H14: Intel(R) Core(TM) i3-4130 CPU @ 3.40GHz | I14: Off | J14: 185.149.219.108 | K14: 23.4.4.223 | L14: 3QSP212 | M14: Jun 08, 2023 08:40:10 AM | N14: Windows 10 Pro,19045 | O14: 64 bit | P14: 4 GB | S14: Historique | T14: 1 | U14: 2 | V14: Online | W14: Connected | X14: Up to date | Y14: N/A | Z14: 192.168.16.26 | AA14: No | AB14: c58d9f19daec4a9aa6ce216a8f8e822f | AC14: 1.70276e+18 | AD14: N/A | AE14: N/A | AF14: Not disabled | AG14: N/A | AH14: May 15, 2025 06:03:50 AM | AI14: MSI | AJ14: No | AK14: No | AL14: disabled | AM14: N/A | AN14: N/A | AO14: N/A | AP14: N/A | AQ14: N/A | AR14: N/A | AS14: N/A | AT14: N/A | AU14: N/A | AV14: N/A | AW14: N/A | AX14: N/A | AY14: N/A | AZ14: N/A | BA14: N/A | BB14: N/A | BC14: N/A | BD14: N/A | BE14: N/A | BF14: N/A | BG14: N/A | BH14: N/A | BI14: N/A | BJ14: N/A | BK14: N/A | BL14: N/A | BM14: N/A | BN14: N/A | BO14: No | BP14: N/A | BQ14: N/A | BR14: achats
A15: AMP-14-058D | B15: cboutaud | C15: UPDATE | D15: Dylan s'en occupera | E15: desktop | F15: trouver un créneau avec Adrien | G15: Dell Inc. - Precision T1700 | H15: Intel(R) Core(TM) i7-4790 CPU @ 3.60GHz | I15: Off | J15: 185.149.219.108 | K15: 23.4.4.223 | L15: 3ZPMJ32 | M15: Jun 05, 2023 05:32:14 PM | N15: Windows 10 Professionnel,19045 | O15: 64 bit | P15: 16 GB | S15: historique | T15: 1 | U15: 4 | V15: Online | W15: Connected | X15: Up to date | Y15: N/A | Z15: 192.168.16.106 | AA15: No | AB15: 51b48313da64452e953a9d048d9e9e65 | AC15: 1.70085e+18 | AD15: N/A | AE15: N/A | AF15: Not disabled | AG15: N/A | AH15: May 19, 2025 06:36:05 AM | AI15: MSI | AJ15: No | AK15: No | AL15: disabled | AM15: N/A | AN15: N/A | AO15: N/A | AP15: N/A | AQ15: N/A | AR15: N/A | AS15: N/A | AT15: N/A | AU15: N/A | AV15: N/A | AW15: N/A | AX15: N/A | AY15: N/A | AZ15: N/A | BA15: N/A | BB15: N/A | BC15: N/A | BD15: N/A | BE15: N/A | BF15: N/A | BG15: N/A | BH15: N/A | BI15: N/A | BJ15: N/A | BK15: N/A | BL15: N/A | BM15: N/A | BN15: N/A | BO15: No | BP15: N/A | BQ15: N/A | BR15: image
A16: AMP-15-001D | B16: mmoreira | C16: UPDATE | D16: maj 27/10/2025 | E16: desktop | G16: Dell Inc. - OptiPlex 3020 | H16: Intel(R) Core(TM) i3-4150 CPU @ 3.50GHz | I16: Off | J16: 185.149.219.108 | K16: 23.4.4.223 | L16: BPD0J42 | M16: Jun 08, 2023 08:48:00 AM | N16: Windows 10 Professionnel,19045 | O16: 64 bit | P16: 4 GB | Q16: 4>8 | R16: mperrod, mmoreira, lmarion, vwrobleski,stracol, compte inconnu | S16: PROD | T16: 1 | U16: 2 | V16: Offline | W16: Connected | X16: Up to date | Y16: N/A | Z16: 192.168.16.101 | AA16: No | AB16: 0f036b71836243a48badfc6a2a2f2b5e | AC16: 1.70276e+18 | AD16: N/A | AE16: N/A | AF16: Not disabled | AG16: N/A | AH16: May 21, 2025 06:43:13 AM | AI16: MSI | AJ16: No | AK16: No | AL16: disabled | AM16: N/A | AN16: N/A | AO16: N/A | AP16: N/A | AQ16: N/A | AR16: N/A | AS16: N/A | AT16: N/A | AU16: N/A | AV16: N/A | AW16: N/A | AX16: N/A | AY16: N/A | AZ16: N/A | BA16: N/A | BB16: N/A | BC16: N/A | BD16: N/A | BE16: N/A | BF16: N/A | BG16: N/A | BH16: N/A | BI16: N/A | BJ16: N/A | BK16: N/A | BL16: N/A | BM16: N/A | BN16: N/A | BO16: No | BP16: N/A | BQ16: N/A | BR16: contrôle qualité (métrologie)
A17: AMP-15-003D | B17: llarue | C17: UPDATE | D17: maj 29/10/2025 | E17: desktop | G17: Dell Inc. - OptiPlex 3020 | H17: Intel(R) Core(TM) i3-4150 CPU @ 3.50GHz | I17: Off | J17: 185.149.219.108 | K17: 23.4.4.223 | L17: DCF0J42 | M17: Jun 08, 2023 08:49:15 AM | N17: Windows 10 Pro,19045 | O17: 64 bit | P17: 4 GB | Q17: 4>8 | S17: historique | T17: 1 | U17: 2 | V17: Offline | W17: Connected | X17: Up to date | Y17: N/A | Z17: 192.168.16.113 | AA17: No | AB17: 9269f00d0ea34357b2dc3addc4f0ff74 | AC17: 1.70276e+18 | AD17: N/A | AE17: N/A | AF17: Not disabled | AG17: N/A | AH17: May 21, 2025 06:22:03 AM | AI17: MSI | AJ17: No | AK17: No | AL17: disabled | AM17: N/A | AN17: N/A | AO17: N/A | AP17: N/A | AQ17: N/A | AR17: N/A | AS17: N/A | AT17: N/A | AU17: N/A | AV17: N/A | AW17: N/A | AX17: N/A | AY17: N/A | AZ17: N/A | BA17: N/A | BB17: N/A | BC17: N/A | BD17: N/A | BE17: N/A | BF17: N/A | BG17: N/A | BH17: N/A | BI17: N/A | BJ17: N/A | BK17: N/A | BL17: N/A | BM17: N/A | BN17: N/A | BO17: No | BP17: N/A | BQ17: N/A | BR17: compta
A18: AMP-15-006D | B18: jllaquet | C18: UPDATE | D18: maj 31/10/2025 | E18: desktop | G18: Dell Inc. - OptiPlex 3020 | H18: Intel(R) Core(TM) i3-4150 CPU @ 3.50GHz | I18: Off | J18: 185.149.219.108 | K18: 23.4.4.223 | L18: F0F0J42 | M18: Jun 08, 2023 08:50:19 AM | N18: Windows 10 Professionnel,19045 | O18: 64 bit | P18: 4 GB | Q18: 4>8 | S18: Logistique | T18: 1 | U18: 2 | V18: Online | W18: Connected | X18: Up to date | Y18: N/A | Z18: 192.168.16.233 | AA18: No | AB18: 6174e4cbb1764c96a1685dc00f09f58e | AC18: 1.70277e+18 | AD18: N/A | AE18: N/A | AF18: Not disabled | AG18: N/A | AH18: May 15, 2025 06:30:08 AM | AI18: MSI | AJ18: No | AK18: No | AL18: disabled | AM18: N/A | AN18: N/A | AO18: N/A | AP18: N/A | AQ18: N/A | AR18: N/A | AS18: N/A | AT18: N/A | AU18: N/A | AV18: N/A | AW18: N/A | AX18: N/A | AY18: N/A | AZ18: N/A | BA18: N/A | BB18: N/A | BC18: N/A | BD18: N/A | BE18: N/A | BF18: N/A | BG18: N/A | BH18: N/A | BI18: N/A | BJ18: N/A | BK18: N/A | BL18: N/A | BM18: N/A | BN18: N/A | BO18: No | BP18: N/A | BQ18: N/A | BR18: achats
A19: AMP-15-007D | B19: gleger | C19: UPDATE | D19: maj 31/10/2025 | E19: desktop | G19: Dell Inc. - OptiPlex 3020 | H19: Intel(R) Core(TM) i3-4150 CPU @ 3.50GHz | I19: Off | J19: 185.149.219.108 | K19: 23.4.4.223 | L19: DJD0J42 | M19: Jun 08, 2023 08:50:43 AM | N19: Windows 10 Pro,19045 | O19: 64 bit | P19: 4 GB | Q19: 4>8 | S19: Logistique | T19: 1 | U19: 2 | V19: Online | W19: Connected | X19: Up to date | Y19: N/A | Z19: 192.168.17.85 | AA19: No | AB19: 8ff0b984efb2490e8d48281832ea23ba | AC19: 1.70277e+18 | AD19: N/A | AE19: N/A | AF19: Not disabled | AG19: N/A | AH19: May 14, 2025 07:26:10 AM | AI19: MSI | AJ19: No | AK19: No | AL19: disabled | AM19: N/A | AN19: N/A | AO19: N/A | AP19: N/A | AQ19: N/A | AR19: N/A | AS19: N/A | AT19: N/A | AU19: N/A | AV19: N/A | AW19: N/A | AX19: N/A | AY19: N/A | AZ19: N/A | BA19: N/A | BB19: N/A | BC19: N/A | BD19: N/A | BE19: N/A | BF19: N/A | BG19: N/A | BH19: N/A | BI19: N/A | BJ19: N/A | BK19: N/A | BL19: N/A | BM19: N/A | BN19: N/A | BO19: No | BP19: N/A | BQ19: N/A | BR19: SAV
A20: AMP-15-025L | B20: aughettomonfrin | C20: A CHANGER | D20: changé 23/09/2025 | E20: laptop | G20: Dell Inc. - Latitude E5550 | H20: Intel(R) Core(TM) i5-5300U CPU @ 2.30GHz | I20: On | J20: 185.149.219.108 | K20: 23.4.4.223 | L20: BP9B262 | M20: Jun 12, 2023 07:44:45 AM | N20: Windows 10 Professionnel,19045 | O20: 64 bit | P20: 8 GB | T20: 1 | U20: 2 | V20: Online | W20: Connected | X20: Up to date | Y20: Completed( Jul 05, 2024 07:43:32 AM ) | Z20: 192.168.16.34 | AA20: No | AB20: 6e24571638d24494a276b861368155fb | AC20: 1.70563e+18 | AD20: N/A | AE20: N/A | AF20: Not disabled | AG20: N/A | AH20: May 19, 2025 06:07:18 AM | AI20: MSI | AJ20: No | AK20: No | AL20: disabled | AM20: N/A | AN20: N/A | AO20: N/A | AP20: N/A | AQ20: N/A | AR20: N/A | AS20: N/A | AT20: N/A | AU20: N/A | AV20: N/A | AW20: N/A | AX20: N/A | AY20: N/A | AZ20: N/A | BA20: N/A | BB20: N/A | BC20: N/A | BD20: N/A | BE20: N/A | BF20: N/A | BG20: N/A | BH20: N/A | BI20: N/A | BJ20: N/A | BK20: N/A | BL20: N/A | BM20: N/A | BN20: N/A | BO20: No | BP20: N/A | BQ20: N/A | BS20: NON
A21: AMP-15-027D | C21: UPDATE | D21: maj 29/10/2025 | E21: desktop | L21: 6KG8832 | O21: 64 bit | P21: 4 GB | Q21: 4>8 | S21: historique | BR21: compta
A22: AMP-15-028L | B22: ggiammona | C22: A CHANGER | D22: changé 06/08/2025 | E22: laptop | G22: Dell Inc. - Latitude E5550 | H22: Intel(R) Core(TM) i5-5300U CPU @ 2.30GHz | I22: On | J22: 185.149.219.108 | K22: 23.4.4.223 | L22: 6MZW262 | M22: Jun 08, 2023 09:18:40 AM | N22: Windows 10 Professionnel,19045 | O22: 64 bit | P22: 8 GB | T22: 1 | U22: 2 | V22: Online | W22: Connected | X22: Up to date | Y22: N/A | Z22: 192.168.17.75 | AA22: No | AB22: d344295c7059494ba43ddb402e1f17cc | AC22: 1.70278e+18 | AD22: N/A | AE22: N/A | AF22: Not disabled | AG22: N/A | AH22: May 15, 2025 06:46:01 AM | AI22: MSI | AJ22: No | AK22: No | AL22: disabled | AM22: N/A | AN22: N/A | AO22: N/A | AP22: N/A | AQ22: N/A | AR22: N/A | AS22: N/A | AT22: N/A | AU22: N/A | AV22: N/A | AW22: N/A | AX22: N/A | AY22: N/A | AZ22: N/A | BA22: N/A | BB22: N/A | BC22: N/A | BD22: N/A | BE22: N/A | BF22: N/A | BG22: N/A | BH22: N/A | BI22: N/A | BJ22: N/A | BK22: N/A | BL22: N/A | BM22: N/A | BN22: N/A | BO22: No | BP22: N/A | BQ22: N/A | BS22: NON
A23: AMP-15-033L | B23: educharne | C23: A CHANGER | D23: changé 25/07/2025 | E23: laptop | G23: Dell Inc. - Latitude E5550 | H23: Intel(R) Core(TM) i5-5300U CPU @ 2.30GHz | I23: On | J23: 185.149.219.108 | K23: 23.4.4.223 | L23: 2XSW262 | M23: Jun 08, 2023 02:55:56 PM | N23: Windows 10 Professionnel,19045 | O23: 64 bit | P23: 8 GB | T23: 1 | U23: 2 | V23: Online | W23: Connected | X23: Up to date | Y23: N/A | Z23: 192.168.16.178 | AA23: No | AB23: 21e9c65b4b6e4c5cab123ff78d5bf8ae | AC23: 1.70295e+18 | AD23: N/A | AE23: N/A | AF23: Not disabled | AG23: N/A | AH23: May 15, 2025 06:19:20 AM | AI23: MSI | AJ23: No | AK23: No | AL23: disabled | AM23: N/A | AN23: N/A | AO23: N/A | AP23: N/A | AQ23: N/A | AR23: N/A | AS23: N/A | AT23: N/A | AU23: N/A | AV23: N/A | AW23: N/A | AX23: N/A | AY23: N/A | AZ23: N/A | BA23: N/A | BB23: N/A | BC23: N/A | BD23: N/A | BE23: N/A | BF23: N/A | BG23: N/A | BH23: N/A | BI23: N/A | BJ23: N/A | BK23: N/A | BL23: N/A | BM23: N/A | BN23: N/A | BO23: No | BP23: N/A | BQ23: N/A
A24: AMP-15-038D | B24: mmoreira | C24: UPDATE | D24: maj 23/10/2025 | E24: desktop | G24: Dell Inc. - OptiPlex 3020M | H24: Intel(R) Core(TM) i3-4160T CPU @ 3.10GHz | I24: Off | J24: 185.149.219.108 | K24: 23.4.4.223 | L24: 7B15C92 | M24: Jun 08, 2023 09:33:16 AM | N24: Windows 10 Professionnel,19045 | O24: 64 bit | P24: 4 GB | Q24: 4>8 | S24: Historique | T24: 1 | U24: 2 | V24: Online | W24: Connected | X24: Up to date | Y24: N/A | Z24: 192.168.17.100 | AA24: No | AB24: dcabf2c24946471189dc6a2a00e38a27 | AC24: 1.70279e+18 | AD24: N/A | AE24: N/A | AF24: Not disabled | AG24: N/A | AH24: May 19, 2025 06:17:39 AM | AI24: MSI | AJ24: No | AK24: No | AL24: disabled | AM24: N/A | AN24: N/A | AO24: N/A | AP24: N/A | AQ24: N/A | AR24: N/A | AS24: N/A | AT24: N/A | AU24: N/A | AV24: N/A | AW24: N/A | AX24: N/A | AY24: N/A | AZ24: N/A | BA24: N/A | BB24: N/A | BC24: N/A | BD24: N/A | BE24: N/A | BF24: N/A | BG24: N/A | BH24: N/A | BI24: N/A | BJ24: N/A | BK24: N/A | BL24: N/A | BM24: N/A | BN24: N/A | BO24: No | BP24: N/A | BQ24: N/A | BR24: contrôle qualité
A25: AMP-15-039D | B25: sleclercq | C25: UPDATE | D25: maj 22/10/2025 | E25: desktop | G25: Dell Inc. - OptiPlex 3020M | H25: Intel(R) Core(TM) i3-4160T CPU @ 3.10GHz | I25: Off | J25: 185.149.219.108 | K25: 23.4.4.223 | L25: 7BV3C92 | M25: Jan 08, 2025 07:57:06 AM | N25: Windows 10 Pro,19045 | O25: 64 bit | P25: 4 GB | Q25: 4>8 | S25: Historique | T25: 1 | U25: 2 | V25: Online | W25: Connected | X25: Up to date | Y25: N/A | Z25: 192.168.16.107 | AA25: No | AB25: 087463070c1a406c90dd3d117d42699f | AC25: 2.12311e+18 | AD25: N/A | AE25: N/A | AF25: Not disabled | AG25: N/A | AH25: May 16, 2025 06:14:28 AM | AI25: MSI | AJ25: No | AK25: No | AL25: disabled | AM25: N/A | AN25: N/A | AO25: N/A | AP25: N/A | AQ25: N/A | AR25: N/A | AS25: N/A | AT25: N/A | AU25: N/A | AV25: N/A | AW25: N/A | AX25: N/A | AY25: N/A | AZ25: N/A | BA25: N/A | BB25: N/A | BC25: N/A | BD25: N/A | BE25: N/A | BF25: N/A | BG25: N/A | BH25: N/A | BI25: N/A | BJ25: N/A | BK25: N/A | BL25: N/A | BM25: N/A | BN25: N/A | BO25: No | BP25: N/A | BQ25: N/A | BT25: Viken
A26: AMP-15-045L | B26: cplantier | C26: A CHANGER | D26: changé 28/07/2025 | E26: laptop | G26: Dell Inc. - Latitude E5550 | H26: Intel(R) Core(TM) i5-5300U CPU @ 2.30GHz | I26: On | J26: 185.149.219.108 | K26: 23.4.4.223 | L26: 9GQGF72 | M26: Jun 08, 2023 09:34:41 AM | N26: Windows 10 Pro,19045 | O26: 64 bit | P26: 8 GB | T26: 1 | U26: 2 | V26: Online | W26: Connected | X26: Up to date | Y26: N/A | Z26: 192.168.16.18 | AA26: No | AB26: dc03e04b27b842b29f128a86f476a7aa | AC26: 1.70279e+18 | AD26: N/A | AE26: N/A | AF26: Not disabled | AG26: N/A | AH26: May 15, 2025 05:50:45 AM | AI26: MSI | AJ26: No | AK26: No | AL26: disabled | AM26: N/A | AN26: N/A | AO26: N/A | AP26: N/A | AQ26: N/A | AR26: N/A | AS26: N/A | AT26: N/A | AU26: N/A | AV26: N/A | AW26: N/A | AX26: N/A | AY26: N/A | AZ26: N/A | BA26: N/A | BB26: N/A | BC26: N/A | BD26: N/A | BE26: N/A | BF26: N/A | BG26: N/A | BH26: N/A | BI26: N/A | BJ26: N/A | BK26: N/A | BL26: N/A | BM26: N/A | BN26: N/A | BO26: No | BP26: N/A | BQ26: N/A
A27: AMP-15-046D | B27: jrenault | C27: UPDATE | D27: maj 23/10/2025 | E27: desktop | G27: Dell Inc. - OptiPlex 3020M | H27: Intel(R) Core(TM) i3-4160T CPU @ 3.10GHz | I27: Off | J27: 185.149.219.108 | K27: 23.4.4.223 | L27: 7B78C92 | M27: Jun 08, 2023 09:36:06 AM | N27: Windows 10 Pro,19045 | O27: 64 bit | P27: 4 GB | Q27: 4>8 | S27: Historique | T27: 1 | U27: 2 | V27: Online | W27: Connected | X27: Up to date | Y27: N/A | Z27: 192.168.17.60 | AA27: No | AB27: 15f6d7ed51f14a999022932b56f7b5a6 | AC27: 1.70279e+18 | AD27: N/A | AE27: N/A | AF27: Not disabled | AG27: N/A | AH27: May 19, 2025 03:08:55 PM | AI27: MSI | AJ27: No | AK27: No | AL27: disabled | AM27: N/A | AN27: N/A | AO27: N/A | AP27: N/A | AQ27: N/A | AR27: N/A | AS27: N/A | AT27: N/A | AU27: N/A | AV27: N/A | AW27: N/A | AX27: N/A | AY27: N/A | AZ27: N/A | BA27: N/A | BB27: N/A | BC27: N/A | BD27: N/A | BE27: N/A | BF27: N/A | BG27: N/A | BH27: N/A | BI27: N/A | BJ27: N/A | BK27: N/A | BL27: N/A | BM27: N/A | BN27: N/A | BO27: No | BP27: N/A | BQ27: N/A | BR27: Réception
A28: AMP-16-001D | B28: gberva | C28: UPDATE | D28: MAJ le 08/12/2025 | E28: desktop | F28: voir avec Djamel | G28: Dell Inc. - Precision Tower 5810 | H28: Intel(R) Xeon(R) CPU E5-1607 v3 @ 3.10GHz | I28: Off | J28: 185.149.219.108 | K28: 23.4.4.223 | L28: 6JSCWC2 | M28: Jun 07, 2023 03:29:18 PM | N28: Windows 10 Professionnel,19045 | O28: 64 bit | P28: 8 GB | S28: historique | T28: 1 | U28: 4 | V28: Online | W28: Connected | X28: Up to date | Y28: N/A | Z28: 192.168.17.109 | AA28: No | AB28: 5951968328834077af520741352111ee | AC28: 1.70224e+18 | AD28: N/A | AE28: N/A | AF28: Not disabled | AG28: N/A | AH28: May 21, 2025 06:29:14 AM | AI28: MSI | AJ28: No | AK28: No | AL28: disabled | AM28: N/A | AN28: N/A | AO28: N/A | AP28: N/A | AQ28: N/A | AR28: N/A | AS28: N/A | AT28: N/A | AU28: N/A | AV28: N/A | AW28: N/A | AX28: N/A | AY28: N/A | AZ28: N/A | BA28: N/A | BB28: N/A | BC28: N/A | BD28: N/A | BE28: N/A | BF28: N/A | BG28: N/A | BH28: N/A | BI28: N/A | BJ28: N/A | BK28: N/A | BL28: N/A | BM28: N/A | BN28: N/A | BO28: No | BP28: N/A | BQ28: N/A | BR28: contrôle qualité
A29: AMP-16-010D | B29: lvabre | C29: UPDATE | D29: maj 29/10/2025 | E29: desktop | G29: Dell Inc. - OptiPlex 3040 | H29: Intel(R) Core(TM) i3-6100T CPU @ 3.20GHz | I29: Off | J29: 185.149.219.108 | K29: 23.4.4.223 | L29: 6XJ98C2 | M29: Apr 09, 2025 07:41:47 AM | N29: Windows 10 Pro,19045 | O29: 64 bit | P29: 4 GB | Q29: 4>8 | S29: PROD | T29: 1 | U29: 2 | V29: Online | W29: Connected | X29: Up to date | Y29: N/A | Z29: 192.168.16.111 | AA29: No | AB29: 85c3398f8e16469cb4f7ea3d3be4a7b2 | AC29: 2.18906e+18 | AD29: N/A | AE29: N/A | AF29: Not disabled | AG29: N/A | AH29: May 19, 2025 07:10:19 AM | AI29: MSI | AJ29: No | AK29: No | AL29: disabled | AM29: N/A | AN29: N/A | AO29: N/A | AP29: N/A | AQ29: N/A | AR29: N/A | AS29: N/A | AT29: N/A | AU29: N/A | AV29: N/A | AW29: N/A | AX29: N/A | AY29: N/A | AZ29: N/A | BA29: N/A | BB29: N/A | BC29: N/A | BD29: N/A | BE29: N/A | BF29: N/A | BG29: N/A | BH29: N/A | BI29: N/A | BJ29: N/A | BK29: N/A | BL29: N/A | BM29: N/A | BN29: N/A | BO29: No | BP29: N/A | BQ29: N/A | BR29: logistique
A30: AMP-16-012L | B30: nmathieu | C30: A CHANGER | D30: changé 21/10/2025 | E30: laptop | G30: Dell Inc. - Latitude E5550 | H30: Intel(R) Core(TM) i5-5300U CPU @ 2.30GHz | I30: On | J30: 185.149.219.108 | K30: 23.4.4.223 | L30: GDXBJ72 | M30: Jun 12, 2023 09:30:07 AM | N30: Windows 10 Professionnel,19045 | O30: 64 bit | P30: 8 GB | T30: 1 | U30: 2 | V30: Online | W30: Connected | X30: Up to date | Y30: N/A | Z30: 192.168.152.18 | AA30: No | AB30: e3f993ecb7b14d8f9dab5471d0d15149 | AC30: 1.70568e+18 | AD30: N/A | AE30: N/A | AF30: Not disabled | AG30: N/A | AH30: May 15, 2025 05:47:18 AM | AI30: MSI | AJ30: No | AK30: No | AL30: disabled | AM30: N/A | AN30: N/A | AO30: N/A | AP30: N/A | AQ30: N/A | AR30: N/A | AS30: N/A | AT30: N/A | AU30: N/A | AV30: N/A | AW30: N/A | AX30: N/A | AY30: N/A | AZ30: N/A | BA30: N/A | BB30: N/A | BC30: N/A | BD30: N/A | BE30: N/A | BF30: N/A | BG30: N/A | BH30: N/A | BI30: N/A | BJ30: N/A | BK30: N/A | BL30: N/A | BM30: N/A | BN30: N/A | BO30: No | BP30: N/A | BQ30: N/A | BS30: NON
A31: AMP-16-018L | B31: sdecorme | C31: A CHANGER | D31: changé 08/08/2025 | E31: laptop | G31: Dell Inc. - Latitude E5570 | H31: Intel(R) Core(TM) i5-6300U CPU @ 2.40GHz | I31: On | J31: 185.149.219.108 | K31: 23.4.4.223 | L31: H2DFJC2 | M31: Jun 08, 2023 09:37:44 AM | N31: Windows 10 Professionnel,19045 | O31: 64 bit | P31: 8 GB | T31: 1 | U31: 2 | V31: Online | W31: Connected | X31: Up to date | Y31: N/A | Z31: 192.168.17.16 | AA31: No | AB31: afd47a26970a4532b03b416192143f47 | AC31: 1.70279e+18 | AD31: N/A | AE31: N/A | AF31: Not disabled | AG31: N/A | AH31: May 19, 2025 07:45:40 AM | AI31: MSI | AJ31: No | AK31: No | AL31: disabled | AM31: N/A | AN31: N/A | AO31: N/A | AP31: N/A | AQ31: N/A | AR31: N/A | AS31: N/A | AT31: N/A | AU31: N/A | AV31: N/A | AW31: N/A | AX31: N/A | AY31: N/A | AZ31: N/A | BA31: N/A | BB31: N/A | BC31: N/A | BD31: N/A | BE31: N/A | BF31: N/A | BG31: N/A | BH31: N/A | BI31: N/A | BJ31: N/A | BK31: N/A | BL31: N/A | BM31: N/A | BN31: N/A | BO31: No | BP31: N/A | BQ31: N/A | BS31: NON
A32: AMP-16-020D | B32: mperrod | C32: UPDATE | D32: maj 31/10/2025 | E32: desktop | G32: Dell Inc. - OptiPlex 3040 | H32: Intel(R) Core(TM) i3-6100T CPU @ 3.20GHz | I32: Off | J32: 185.149.219.108 | K32: 23.4.4.223 | L32: 6XP28C2 | M32: Jun 08, 2023 09:38:33 AM | N32: Windows 10 Professionnel,19045 | O32: 64 bit | P32: 4 GB | Q32: 4>8 | S32: PROD | T32: 1 | U32: 2 | V32: Online | W32: Connected | X32: Up to date | Y32: N/A | Z32: 192.168.17.96 | AA32: No | AB32: 451390ec8ef24a8aa1296f91a06b3989 | AC32: 1.70279e+18 | AD32: N/A | AE32: N/A | AF32: Not disabled | AG32: N/A | AH32: May 19, 2025 06:47:40 AM | AI32: MSI | AJ32: No | AK32: No | AL32: disabled | AM32: N/A | AN32: N/A | AO32: N/A | AP32: N/A | AQ32: N/A | AR32: N/A | AS32: N/A | AT32: N/A | AU32: N/A | AV32: N/A | AW32: N/A | AX32: N/A | AY32: N/A | AZ32: N/A | BA32: N/A | BB32: N/A | BC32: N/A | BD32: N/A | BE32: N/A | BF32: N/A | BG32: N/A | BH32: N/A | BI32: N/A | BJ32: N/A | BK32: N/A | BL32: N/A | BM32: N/A | BN32: N/A | BO32: No | BP32: N/A | BQ32: N/A | BR32: contrôle qualité(métrologie)
A33: AMP-16-021D | B33: ffraisse | C33: UPDATE | D33: maj 31/10/2025 | E33: desktop | G33: Dell Inc. - OptiPlex 3040 | H33: Intel(R) Core(TM) i3-6100T CPU @ 3.20GHz | I33: Off | J33: 185.149.219.108 | K33: 23.4.4.223 | L33: 2BLTGD2 | M33: Jun 07, 2023 03:32:12 PM | N33: Windows 10 Professionnel,19045 | O33: 64 bit | P33: 4 GB | Q33: 4>8 | S33: Logistique | T33: 1 | U33: 2 | V33: Online | W33: Connected | X33: Up to date | Y33: N/A | Z33: 192.168.17.49 | AA33: No | AB33: 0002021fab514d11abeba3e86efe2e8e | AC33: 1.70224e+18 | AD33: N/A | AE33: N/A | AF33: Not disabled | AG33: N/A | AH33: May 14, 2025 11:34:21 AM | AI33: MSI | AJ33: No | AK33: No | AL33: disabled | AM33: N/A | AN33: N/A | AO33: N/A | AP33: N/A | AQ33: N/A | AR33: N/A | AS33: N/A | AT33: N/A | AU33: N/A | AV33: N/A | AW33: N/A | AX33: N/A | AY33: N/A | AZ33: N/A | BA33: N/A | BB33: N/A | BC33: N/A | BD33: N/A | BE33: N/A | BF33: N/A | BG33: N/A | BH33: N/A | BI33: N/A | BJ33: N/A | BK33: N/A | BL33: N/A | BM33: N/A | BN33: N/A | BO33: No | BP33: N/A | BQ33: N/A | BR33: Prepa
A34: AMP-16-022L | B34: tvignal | C34: A CHANGER | D34: changé 10/09/2025 | E34: laptop | G34: Dell Inc. - Latitude E5570 | H34: Intel(R) Core(TM) i5-6300U CPU @ 2.40GHz | I34: On | J34: 185.149.219.108 | K34: 23.4.4.223 | L34: JV4FJC2 | M34: Jun 08, 2023 09:39:35 AM | N34: Windows 10 Professionnel,19045 | O34: 64 bit | P34: 8 GB | T34: 1 | U34: 2 | V34: Online | W34: Connected | X34: Up to date | Y34: N/A | Z34: 192.168.17.27 | AA34: No | AB34: 16133cc9ff1a4522a56e0402b0f44c34 | AC34: 1.70279e+18 | AD34: N/A | AE34: N/A | AF34: Not disabled | AG34: N/A | AH34: May 14, 2025 07:58:41 AM | AI34: MSI | AJ34: No | AK34: No | AL34: disabled | AM34: N/A | AN34: N/A | AO34: N/A | AP34: N/A | AQ34: N/A | AR34: N/A | AS34: N/A | AT34: N/A | AU34: N/A | AV34: N/A | AW34: N/A | AX34: N/A | AY34: N/A | AZ34: N/A | BA34: N/A | BB34: N/A | BC34: N/A | BD34: N/A | BE34: N/A | BF34: N/A | BG34: N/A | BH34: N/A | BI34: N/A | BJ34: N/A | BK34: N/A | BL34: N/A | BM34: N/A | BN34: N/A | BO34: No | BP34: N/A | BQ34: N/A | BS34: NON
A35: AMP-16-024D | B35: prtEOL | C35: UPDATE | D35: maj 29/10/2025 | E35: desktop | G35: Dell Inc. - OptiPlex 3040 | H35: Intel(R) Core(TM) i3-6100T CPU @ 3.20GHz | I35: Off | J35: 185.149.219.108 | K35: 23.4.4.223 | L35: 2BWWGD2 | M35: Jun 06, 2023 08:25:11 AM | N35: Windows 10 Professionnel,19045 | O35: 64 bit | P35: 8 GB | S35: Historique | T35: 1 | U35: 2 | V35: Online | W35: Connected | X35: Up to date | Y35: N/A | Z35: 192.168.16.124 | AA35: No | AB35: 9474c465c772405f851dc6f1d31331e2 | AC35: 1.7013e+18 | AD35: N/A | AE35: N/A | AF35: Not disabled | AG35: N/A | AH35: May 16, 2025 08:48:11 AM | AI35: MSI | AJ35: No | AK35: No | AL35: disabled | AM35: N/A | AN35: N/A | AO35: N/A | AP35: N/A | AQ35: N/A | AR35: N/A | AS35: N/A | AT35: N/A | AU35: N/A | AV35: N/A | AW35: N/A | AX35: N/A | AY35: N/A | AZ35: N/A | BA35: N/A | BB35: N/A | BC35: N/A | BD35: N/A | BE35: N/A | BF35: N/A | BG35: N/A | BH35: N/A | BI35: N/A | BJ35: N/A | BK35: N/A | BL35: N/A | BM35: N/A | BN35: N/A | BO35: No | BP35: N/A | BQ35: N/A | BR35: Eol
A36: AMP-17-008L | B36: bguy | C36: A CHANGER | D36: changé 09/10/2025 | E36: laptop | G36: Dell Inc. - Latitude E5570 | H36: Intel(R) Core(TM) i5-6300U CPU @ 2.40GHz | I36: On | J36: 185.149.219.108 | K36: 23.4.4.223 | L36: 3VDZQF2 | M36: Jun 08, 2023 09:44:58 AM | N36: Windows 10 Professionnel,19045 | O36: 64 bit | P36: 8 GB | T36: 1 | U36: 2 | V36: Online | W36: Connected | X36: Up to date | Y36: N/A | Z36: 192.168.16.110 | AA36: No | AB36: d7d2658789af45109764382a23afad58 | AC36: 1.70279e+18 | AD36: N/A | AE36: N/A | AF36: Not disabled | AG36: N/A | AH36: May 19, 2025 03:30:19 PM | AI36: MSI | AJ36: No | AK36: No | AL36: disabled | AM36: N/A | AN36: N/A | AO36: N/A | AP36: N/A | AQ36: N/A | AR36: N/A | AS36: N/A | AT36: N/A | AU36: N/A | AV36: N/A | AW36: N/A | AX36: N/A | AY36: N/A | AZ36: N/A | BA36: N/A | BB36: N/A | BC36: N/A | BD36: N/A | BE36: N/A | BF36: N/A | BG36: N/A | BH36: N/A | BI36: N/A | BJ36: N/A | BK36: N/A | BL36: N/A | BM36: N/A | BN36: N/A | BO36: No | BP36: N/A | BQ36: N/A | BS36: NON
A37: AMP-17-010EOL | B37: lbiet | C37: NE PAS TOUCHER | D37: N/A | E37: laptop | G37: iEi - B336 | H37: Intel(R) Core(TM) i5-4300U CPU @ 1.90GHz | I37: Off | J37: 185.149.219.108 | K37: 23.4.4.223 | L37: 10221PA00-2017-0022 | M37: Jun 12, 2023 07:29:40 AM | N37: Windows 10 Professionnel,19045 | O37: 64 bit | P37: 8 GB | S37: historique | T37: 1 | U37: 2 | V37: Online | W37: Connected | X37: Up to date | Y37: N/A | Z37: 192.168.17.154 | AA37: No | AB37: dffe974478ae495db4176033588f3d98 | AC37: 1.70562e+18 | AD37: N/A | AE37: N/A | AF37: Not disabled | AG37: N/A | AH37: May 22, 2025 12:17:49 PM | AI37: MSI | AJ37: No | AK37: No | AL37: disabled | AM37: N/A | AN37: N/A | AO37: N/A | AP37: N/A | AQ37: N/A | AR37: N/A | AS37: N/A | AT37: N/A | AU37: N/A | AV37: N/A | AW37: N/A | AX37: N/A | AY37: N/A | AZ37: N/A | BA37: N/A | BB37: N/A | BC37: N/A | BD37: N/A | BE37: N/A | BF37: N/A | BG37: N/A | BH37: N/A | BI37: N/A | BJ37: N/A | BK37: N/A | BL37: N/A | BM37: N/A | BN37: N/A | BO37: No | BP37: N/A | BQ37: N/A | BR37: Eol
A38: AMP-17-013D | B38: albernard | C38: UPDATE | D38: MAJ 24/11/2025 | E38: desktop | G38: Dell Inc. - OptiPlex 3050 | H38: Intel(R) Core(TM) i3-7100T CPU @ 3.40GHz | I38: Off | J38: 185.149.219.108 | K38: 23.4.4.223 | L38: 7B3GYJ2 | M38: Jun 07, 2023 03:35:03 PM | N38: Windows 10 Professionnel,19045 | O38: 64 bit | P38: 8 GB | S38: Historique | T38: 1 | U38: 2 | V38: Online | W38: Connected | X38: Up to date | Y38: N/A | Z38: 192.168.16.22 | AA38: No | AB38: 68f9a35043a94fd0a4160088fb6cf897 | AC38: 1.70224e+18 | AD38: N/A | AE38: N/A | AF38: Not disabled | AG38: N/A | AH38: May 23, 2025 01:07:21 PM | AI38: MSI | AJ38: No | AK38: No | AL38: disabled | AM38: N/A | AN38: N/A | AO38: N/A | AP38: N/A | AQ38: N/A | AR38: N/A | AS38: N/A | AT38: N/A | AU38: N/A | AV38: N/A | AW38: N/A | AX38: N/A | AY38: N/A | AZ38: N/A | BA38: N/A | BB38: N/A | BC38: N/A | BD38: N/A | BE38: N/A | BF38: N/A | BG38: N/A | BH38: N/A | BI38: N/A | BJ38: N/A | BK38: N/A | BL38: N/A | BM38: N/A | BN38: N/A | BO38: No | BP38: N/A | BQ38: N/A | BR38: EOL / LABO
A39: AMP-17-016D | B39: sginet | C39: UPDATE | D39: MAJ 24/11/2025 | E39: desktop | G39: Dell Inc. - OptiPlex 3050 | H39: Intel(R) Core(TM) i3-7100T CPU @ 3.40GHz | I39: Off | J39: 185.149.219.108 | K39: 23.4.4.223 | L39: 7BH7YJ2 | M39: Jun 07, 2023 03:35:09 PM | N39: Windows 10 Professionnel,19045 | O39: 64 bit | P39: 8 GB | S39: Historique | T39: 1 | U39: 2 | V39: Online | W39: Connected | X39: Up to date | Y39: N/A | Z39: 192.168.17.168 | AA39: No | AB39: 10d2fb0be96c40c492faed3e5caf7128 | AC39: 1.70224e+18 | AD39: N/A | AE39: N/A | AF39: Not disabled | AG39: N/A | AH39: May 27, 2025 10:38:12 AM | AI39: MSI | AJ39: No | AK39: No | AL39: disabled | AM39: N/A | AN39: N/A | AO39: N/A | AP39: N/A | AQ39: N/A | AR39: N/A | AS39: N/A | AT39: N/A | AU39: N/A | AV39: N/A | AW39: N/A | AX39: N/A | AY39: N/A | AZ39: N/A | BA39: N/A | BB39: N/A | BC39: N/A | BD39: N/A | BE39: N/A | BF39: N/A | BG39: N/A | BH39: N/A | BI39: N/A | BJ39: N/A | BK39: N/A | BL39: N/A | BM39: N/A | BN39: N/A | BO39: No | BP39: N/A | BQ39: N/A | BR39: Eol
A40: AMP-17-017EOL | B40: hdarnaud | C40: NE PAS TOUCHER | D40: N/A | E40: laptop | G40: iEi - B336 | H40: Intel(R) Core(TM) i5-4300U CPU @ 1.90GHz | I40: Off | J40: 185.149.219.108 | K40: 23.4.4.223 | L40: 10221PA00-2017-0021 | M40: Jun 08, 2023 09:53:16 AM | N40: Windows 10 Professionnel,19045 | O40: 64 bit | P40: 8 GB | S40: historique | BR40: Eol
A41: AMP-17-020EOL | B41: hdarnaud | C41: NE PAS TOUCHER | D41: N/A | E41: laptop | G41: iEi - B336 | H41: Intel(R) Core(TM) i5-4300U CPU @ 1.90GHz | I41: Off | J41: 185.149.219.108 | K41: 23.4.4.223 | L41: 10221PA00-2017-0023 | M41: Jun 08, 2023 10:05:46 AM | N41: Windows 10 Professionnel,19045 | O41: 64 bit | P41: 8 GB | S41: historique | T41: 1 | U41: 2 | V41: Online | W41: Connected | X41: Up to date | Y41: N/A | Z41: 192.168.16.16 | AA41: No | AB41: 1557565f53ba4ee9b8aa045a22d01a3f | AC41: 1.7028e+18 | AD41: N/A | AE41: N/A | AF41: Not disabled | AG41: N/A | AH41: May 22, 2025 10:14:00 PM | AI41: MSI | AJ41: No | AK41: No | AL41: disabled | AM41: N/A | AN41: N/A | AO41: N/A | AP41: N/A | AQ41: N/A | AR41: N/A | AS41: N/A | AT41: N/A | AU41: N/A | AV41: N/A | AW41: N/A | AX41: N/A | AY41: N/A | AZ41: N/A | BA41: N/A | BB41: N/A | BC41: N/A | BD41: N/A | BE41: N/A | BF41: N/A | BG41: N/A | BH41: N/A | BI41: N/A | BJ41: N/A | BK41: N/A | BL41: N/A | BM41: N/A | BN41: N/A | BO41: No | BP41: N/A | BQ41: N/A | BR41: Eol
A42: AMP-17-023D | B42: arolland | C42: UPDATE | D42: maj 22/10/2025 | E42: desktop | G42: Dell Inc. - OptiPlex 3050 | H42: Intel(R) Core(TM) i3-7100T CPU @ 3.40GHz | I42: Off | J42: 185.149.219.108 | K42: 23.4.4.223 | L42: 6MD35M2 | M42: Jun 05, 2023 11:48:02 AM | N42: Windows 10 Professionnel,19045 | O42: 64 bit | P42: 4 GB | Q42: 4>8 | R42: agonon, anajim,arolland, ldavid, mperrod | S42: Historique | T42: 1 | U42: 2 | V42: Online | W42: Connected | X42: Up to date | Y42: N/A | Z42: 192.168.16.172 | AA42: No | AB42: b2856ff7b6de481b950b058d669b7e9e | AC42: 1.70068e+18 | AD42: N/A | AE42: N/A | AF42: Not disabled | AG42: N/A | AH42: May 19, 2025 06:30:47 AM | AI42: MSI | AJ42: No | AK42: No | AL42: disabled | AM42: N/A | AN42: N/A | AO42: N/A | AP42: N/A | AQ42: N/A | AR42: N/A | AS42: N/A | AT42: N/A | AU42: N/A | AV42: N/A | AW42: N/A | AX42: N/A | AY42: N/A | AZ42: N/A | BA42: N/A | BB42: N/A | BC42: N/A | BD42: N/A | BE42: N/A | BF42: N/A | BG42: N/A | BH42: N/A | BI42: N/A | BJ42: N/A | BK42: N/A | BL42: N/A | BM42: N/A | BN42: N/A | BO42: No | BP42: N/A | BQ42: N/A | BR42: contrôle qualité
A43: AMP-17-024L | B43: pdouriaux | C43: A CHANGER | D43: changé 11/06/2025 | E43: laptop | G43: Dell Inc. - Latitude 5580 | H43: Intel(R) Core(TM) i5-6300U CPU @ 2.40GHz | I43: On | J43: 185.149.219.108 | K43: 23.4.4.223 | L43: 3NBYLH2 | M43: Jun 12, 2023 10:12:28 AM | N43: Windows 10 Professionnel,19045 | O43: 64 bit | P43: 8 GB | T43: 1 | U43: 2 | V43: Offline | W43: Connected | X43: Up to date | Y43: N/A | Z43: 192.168.17.127 | AA43: No | AB43: c7cce81958d84914927aee0f571f2349 | AC43: 1.70571e+18 | AD43: N/A | AE43: N/A | AF43: Not disabled | AG43: N/A | AH43: Apr 28, 2025 07:02:03 AM | AI43: MSI | AJ43: No | AK43: No | AL43: disabled | AM43: N/A | AN43: N/A | AO43: N/A | AP43: N/A | AQ43: N/A | AR43: N/A | AS43: N/A | AT43: N/A | AU43: N/A | AV43: N/A | AW43: N/A | AX43: N/A | AY43: N/A | AZ43: N/A | BA43: N/A | BB43: N/A | BC43: N/A | BD43: N/A | BE43: N/A | BF43: N/A | BG43: N/A | BH43: N/A | BI43: N/A | BJ43: N/A | BK43: N/A | BL43: N/A | BM43: N/A | BN43: N/A | BO43: No | BP43: N/A | BQ43: N/A
A44: AMP-18-002L | B44: pbataillon | C44: A CHANGER | D44: changé 08/10/2025 | E44: laptop | G44: Dell Inc. - Latitude 5580 | H44: Intel(R) Core(TM) i5-7300U CPU @ 2.60GHz | I44: On | J44: 185.149.219.108 | K44: 23.4.4.223 | L44: BZ990N2 | M44: Jun 09, 2023 01:54:26 PM | N44: Windows 10 Professionnel,19045 | O44: 64 bit | P44: 8 GB | T44: 1 | U44: 2 | V44: Online | W44: Connected | X44: Up to date | Y44: N/A | Z44: 192.168.17.71 | AA44: No | AB44: acd97660f25a4765ac4ba620c5a7738a | AC44: 1.70364e+18 | AD44: N/A | AE44: N/A | AF44: Not disabled | AG44: N/A | AH44: May 26, 2025 10:12:17 AM | AI44: MSI | AJ44: No | AK44: No | AL44: disabled | AM44: N/A | AN44: N/A | AO44: N/A | AP44: N/A | AQ44: N/A | AR44: N/A | AS44: N/A | AT44: N/A | AU44: N/A | AV44: N/A | AW44: N/A | AX44: N/A | AY44: N/A | AZ44: N/A | BA44: N/A | BB44: N/A | BC44: N/A | BD44: N/A | BE44: N/A | BF44: N/A | BG44: N/A | BH44: N/A | BI44: N/A | BJ44: N/A | BK44: N/A | BL44: N/A | BM44: N/A | BN44: N/A | BO44: No | BP44: N/A | BQ44: N/A | BS44: OUI
A45: AMP-18-004L | B45: abarbas | C45: NE PAS TOUCHER | D45: départ 09/10/2025 | E45: laptop | G45: Dell Inc. - Latitude 5580 | H45: Intel(R) Core(TM) i5-7300U CPU @ 2.60GHz | I45: On | J45: 185.149.219.108 | K45: 23.4.4.223 | L45: 7GV90N2 | M45: Jun 08, 2023 07:20:40 AM | N45: Windows 10 Professionnel,19045 | O45: 64 bit | P45: 8 GB | T45: 1 | U45: 2 | V45: Online | W45: Connected | X45: Up to date | Y45: N/A | Z45: 192.168.17.83 | AA45: No | AB45: ff4839cd7b164cf6b1d9d7cda48686c7 | AC45: 1.70272e+18 | AD45: N/A | AE45: N/A | AF45: Not disabled | AG45: N/A | AH45: May 21, 2025 11:11:47 AM | AI45: MSI | AJ45: No | AK45: No | AL45: disabled | AM45: N/A | AN45: N/A | AO45: N/A | AP45: N/A | AQ45: N/A | AR45: N/A | AS45: N/A | AT45: N/A | AU45: N/A | AV45: N/A | AW45: N/A | AX45: N/A | AY45: N/A | AZ45: N/A | BA45: N/A | BB45: N/A | BC45: N/A | BD45: N/A | BE45: N/A | BF45: N/A | BG45: N/A | BH45: N/A | BI45: N/A | BJ45: N/A | BK45: N/A | BL45: N/A | BM45: N/A | BN45: N/A | BO45: No | BP45: N/A | BQ45: N/A
A46: AMP-18-008L | B46: mieloy | C46: A CHANGER | D46: changé le 17/11/2025 | E46: laptop | G46: Dell Inc. - Latitude 5580 | H46: Intel(R) Core(TM) i5-7300U CPU @ 2.60GHz | I46: On | J46: 185.149.219.108 | K46: 23.4.4.223 | L46: DW3K1N2 | M46: Jun 07, 2023 03:40:43 PM | N46: Windows 10 Professionnel,19045 | O46: 64 bit | P46: 8 GB | T46: 1 | U46: 2 | V46: Online | W46: Connected | X46: Up to date | Y46: N/A | Z46: 169.254.99.77 | AA46: No | AB46: 5187ea3379df4b75b3e59bd5fd9f233d | AC46: 1.70225e+18 | AD46: N/A | AE46: N/A | AF46: Not disabled | AG46: N/A | AH46: May 21, 2025 07:01:21 AM | AI46: MSI | AJ46: No | AK46: No | AL46: disabled | AM46: N/A | AN46: N/A | AO46: N/A | AP46: N/A | AQ46: N/A | AR46: N/A | AS46: N/A | AT46: N/A | AU46: N/A | AV46: N/A | AW46: N/A | AX46: N/A | AY46: N/A | AZ46: N/A | BA46: N/A | BB46: N/A | BC46: N/A | BD46: N/A | BE46: N/A | BF46: N/A | BG46: N/A | BH46: N/A | BI46: N/A | BJ46: N/A | BK46: N/A | BL46: N/A | BM46: N/A | BN46: N/A | BO46: No | BP46: N/A | BQ46: N/A
A47: AMP-18-013L | B47: rpourras | C47: UPDATE | D47: maj 14/11/2025 | E47: laptop | G47: Dell Inc. - Latitude 5580 | H47: Intel(R) Core(TM) i5-7300U CPU @ 2.60GHz | I47: On | J47: 93.23.17.100 | K47: 23.4.4.223 | L47: CK68NN2 | M47: Jun 08, 2023 10:11:24 AM | N47: Windows 10 Professionnel,19045 | O47: 64 bit | P47: 8 GB
A48: AMP-18-032L | B48: vducrot | C48: A CHANGER | D48: changé 09/09/2025 | E48: laptop | G48: Dell Inc. - Latitude 5590 | H48: Intel(R) Core(TM) i5-7300U CPU @ 2.60GHz | I48: On | J48: 185.149.219.108 | K48: 23.4.4.223 | L48: H2BJRQ2 | M48: Jun 09, 2023 01:42:34 PM | N48: Windows 10 Professionnel,19045 | O48: 64 bit | P48: 8 GB | T48: 1 | U48: 2 | V48: Online | W48: Connected | X48: Up to date | Y48: N/A | Z48: 192.168.16.85 | AA48: No | AB48: 01f2fedbacf0473e8a1a884e4db84642 | AC48: 1.70364e+18 | AD48: N/A | AE48: N/A | AF48: Not disabled | AG48: N/A | AH48: May 21, 2025 12:44:06 PM | AI48: MSI | AJ48: No | AK48: No | AL48: disabled | AM48: N/A | AN48: N/A | AO48: N/A | AP48: N/A | AQ48: N/A | AR48: N/A | AS48: N/A | AT48: N/A | AU48: N/A | AV48: N/A | AW48: N/A | AX48: N/A | AY48: N/A | AZ48: N/A | BA48: N/A | BB48: N/A | BC48: N/A | BD48: N/A | BE48: N/A | BF48: N/A | BG48: N/A | BH48: N/A | BI48: N/A | BJ48: N/A | BK48: N/A | BL48: N/A | BM48: N/A | BN48: N/A | BO48: No | BP48: N/A | BQ48: N/A | BS48: OUI
A49: AMP-18-033L | B49: anoizet | C49: UPDATE | D49: maj 05/11/2025 | E49: laptop | G49: Latitude 5590 | H49: Intel(R) Core(TM) i5-7300U CPU @ 2.60GHz | Q49: 8>16 | BT49: Dylan
A50: AMP-18-034L | B50: lcovre | C50: UPDATE | D50: MAJ 10/02/2026 | E50: laptop | G50: Dell Inc. - Latitude 5590 | H50: Intel(R) Core(TM) i5-7300U CPU @ 2.60GHz | I50: On | J50: 185.149.219.108 | K50: 23.4.4.223 | L50: 44BJRQ2 | M50: Jun 08, 2023 10:26:55 AM | N50: Windows 10 Professionnel,19045 | O50: 64 bit | P50: 8 GB | T50: 1 | U50: 2 | V50: Online | W50: Connected | X50: Up to date | Y50: N/A | Z50: 192.168.17.39 | AA50: No | AB50: cdebec639c45439cb821b0030f1b2312 | AC50: 1.70281e+18 | AD50: N/A | AE50: N/A | AF50: Not disabled | AG50: N/A | AH50: May 15, 2025 08:25:34 AM | AI50: MSI | AJ50: No | AK50: No | AL50: disabled | AM50: N/A | AN50: N/A | AO50: N/A | AP50: N/A | AQ50: N/A | AR50: N/A | AS50: N/A | AT50: N/A | AU50: N/A | AV50: N/A | AW50: N/A | AX50: N/A | AY50: N/A | AZ50: N/A | BA50: N/A | BB50: N/A | BC50: N/A | BD50: N/A | BE50: N/A | BF50: N/A | BG50: N/A | BH50: N/A | BI50: N/A | BJ50: N/A | BK50: N/A | BL50: N/A | BM50: N/A | BN50: N/A | BO50: No | BP50: N/A | BQ50: N/A
A51: AMP-18-035L | B51: svashy | C51: A CHANGER | D51: changé le 06/11/2025 | E51: laptop | G51: Dell Inc. - Latitude 5590 | H51: Intel(R) Core(TM) i5-7300U CPU @ 2.60GHz | I51: On | J51: 86.207.157.34 | K51: 23.4.4.223 | L51: CPZKRQ2 | M51: Jun 09, 2023 12:54:49 PM | N51: Windows 10 Professionnel,19045 | O51: 64 bit | P51: 16 GB | T51: 1 | U51: 2 | V51: Online | W51: Connected | X51: Up to date | Y51: N/A | Z51: 10.0.0.7 | AA51: No | AB51: c07fb59e27ff479f8fc88eb62d6182e2 | AC51: 1.70361e+18 | AD51: N/A | AE51: N/A | AF51: Not disabled | AG51: N/A | AH51: May 26, 2025 04:37:30 PM | AI51: MSI | AJ51: No | AK51: No | AL51: disabled | AM51: N/A | AN51: N/A | AO51: N/A | AP51: N/A | AQ51: N/A | AR51: N/A | AS51: N/A | AT51: N/A | AU51: N/A | AV51: N/A | AW51: N/A | AX51: N/A | AY51: N/A | AZ51: N/A | BA51: N/A | BB51: N/A | BC51: N/A | BD51: N/A | BE51: N/A | BF51: N/A | BG51: N/A | BH51: N/A | BI51: N/A | BJ51: N/A | BK51: N/A | BL51: N/A | BM51: N/A | BN51: N/A | BO51: No | BP51: N/A | BQ51: N/A
A52: AMP-18-037D | B52: cboutaud | C52: UPDATE | D52: maj 22/10/2025 | E52: desktop | G52: Dell Inc. - OptiPlex 3050 | H52: Intel(R) Core(TM) i3-7100T CPU @ 3.40GHz | I52: Off | J52: 185.149.219.108 | K52: 23.4.4.223 | L52: 6MDY4M2 | M52: Jun 12, 2023 11:08:00 AM | N52: Windows 10 Professionnel,19045 | O52: 64 bit | P52: 8 GB | R52: djamel, gberva, victor, sébastien | S52: Historique | T52: 1 | U52: 2 | V52: Offline | W52: Connected | X52: Up to date | Y52: N/A | Z52: 192.168.16.181 | AA52: No | AB52: 87cbc95619464f54bbba871da6f414c9 | AC52: 1.70573e+18 | AD52: N/A | AE52: N/A | AF52: Not disabled | AG52: N/A | AH52: May 21, 2025 07:35:05 AM | AI52: MSI | AJ52: No | AK52: No | AL52: disabled | AM52: N/A | AN52: N/A | AO52: N/A | AP52: N/A | AQ52: N/A | AR52: N/A | AS52: N/A | AT52: N/A | AU52: N/A | AV52: N/A | AW52: N/A | AX52: N/A | AY52: N/A | AZ52: N/A | BA52: N/A | BB52: N/A | BC52: N/A | BD52: N/A | BE52: N/A | BF52: N/A | BG52: N/A | BH52: N/A | BI52: N/A | BJ52: N/A | BK52: N/A | BL52: N/A | BM52: N/A | BN52: N/A | BO52: No | BP52: N/A | BQ52: N/A | BR52: contrôle qualité
A53: AMP-18-040L | B53: cjoncour | C53: A CHANGER | D53: changé 23/09/2025 | E53: laptop | G53: Dell Inc. - Latitude 5590 | H53: Intel(R) Core(TM) i5-7300U CPU @ 2.60GHz | I53: On | J53: 185.149.219.108 | K53: 23.4.4.223 | L53: F2D9HR2 | M53: Jun 08, 2023 10:25:08 AM | N53: Windows 10 Professionnel,19045 | O53: 64 bit | P53: 8 GB | T53: 1 | U53: 2 | V53: Offline | W53: Connected | X53: Up to date | Y53: Completed( Dec 21, 2023 08:08:23 AM ) | Z53: 192.168.16.127 | AA53: No | AB53: be8ae8f000f94c979b2e122984862867 | AC53: 1.70281e+18 | AD53: N/A | AE53: N/A | AF53: Not disabled | AG53: N/A | AH53: May 18, 2025 03:47:08 PM | AI53: MSI | AJ53: No | AK53: No | AL53: disabled | AM53: N/A | AN53: N/A | AO53: N/A | AP53: N/A | AQ53: N/A | AR53: N/A | AS53: N/A | AT53: N/A | AU53: N/A | AV53: N/A | AW53: N/A | AX53: N/A | AY53: N/A | AZ53: N/A | BA53: N/A | BB53: N/A | BC53: N/A | BD53: N/A | BE53: N/A | BF53: N/A | BG53: N/A | BH53: N/A | BI53: N/A | BJ53: N/A | BK53: N/A | BL53: N/A | BM53: N/A | BN53: N/A | BO53: No | BP53: N/A | BQ53: N/A | BS53: OUI
A54: AMP-18-042L | B54: snadji | C54: A CHANGER | D54: changé 03/06/2025 | E54: laptop | G54: Dell Inc. - Latitude 5590 | H54: Intel(R) Core(TM) i5-7300U CPU @ 2.60GHz | I54: On | J54: 185.149.219.108 | K54: 23.4.4.223 | L54: 98Q6HR2 | M54: Jun 08, 2023 10:23:03 AM | N54: Windows 10 Professionnel,19045 | O54: 64 bit | P54: 8 GB | T54: 1 | U54: 2 | V54: Online | W54: Connected | X54: Up to date | Y54: Completed( Jul 25, 2024 09:05:23 AM ) | Z54: 192.168.17.136 | AA54: No | AB54: 153eed0e000f417fa49fefee8d11dbd8 | AC54: 1.70281e+18 | AD54: N/A | AE54: N/A | AF54: Not disabled | AG54: N/A | AH54: May 23, 2025 06:19:29 AM | AI54: MSI | AJ54: No | AK54: No | AL54: disabled | AM54: N/A | AN54: N/A | AO54: N/A | AP54: N/A | AQ54: N/A | AR54: N/A | AS54: N/A | AT54: N/A | AU54: N/A | AV54: N/A | AW54: N/A | AX54: N/A | AY54: N/A | AZ54: N/A | BA54: N/A | BB54: N/A | BC54: N/A | BD54: N/A | BE54: N/A | BF54: N/A | BG54: N/A | BH54: N/A | BI54: N/A | BJ54: N/A | BK54: N/A | BL54: N/A | BM54: N/A | BN54: N/A | BO54: No | BP54: N/A | BQ54: N/A
A55: AMP-1WDJG72-L | B55: nchapand | C55: NE PAS TOUCHER | D55: départ aout | E55: laptop | G55: Dell Inc. - Precision M4800 | H55: Intel(R) Core(TM) i7-4710MQ CPU @ 2.50GHz | I55: On | J55: 185.149.219.108 | K55: 23.4.4.223 | L55: 1WDJG72 | M55: Jun 09, 2023 12:51:21 PM | N55: Windows 10 Professionnel,19045 | O55: 64 bit | P55: 16 GB | T55: 1 | U55: 4 | V55: Online | W55: Connected | X55: Up to date | Y55: N/A | Z55: 192.168.16.82 | AA55: No | AB55: 0a79142890e14fb0b8a97b9b73f5821c | AC55: 1.70361e+18 | AD55: N/A | AE55: N/A | AF55: Not disabled | AG55: N/A | AH55: May 20, 2025 06:17:34 AM | AI55: MSI | AJ55: No | AK55: No | AL55: disabled | AM55: N/A | AN55: N/A | AO55: N/A | AP55: N/A | AQ55: N/A | AR55: N/A | AS55: N/A | AT55: N/A | AU55: N/A | AV55: N/A | AW55: N/A | AX55: N/A | AY55: N/A | AZ55: N/A | BA55: N/A | BB55: N/A | BC55: N/A | BD55: N/A | BE55: N/A | BF55: N/A | BG55: N/A | BH55: N/A | BI55: N/A | BJ55: N/A | BK55: N/A | BL55: N/A | BM55: N/A | BN55: N/A | BO55: No | BP55: N/A | BQ55: N/A
A56: AMP-20-031D | B56: icontrole | C56: UPDATE | D56: MAJ 22/12/2025 | E56: desktop | F56: Voir avec Djamel | G56: System manufacturer - System Product Name | H56: Intel(R) Core(TM) i5-9400 CPU @ 2.90GHz | I56: Off | J56: 185.149.219.108 | K56: 23.4.4.223 | L56: System Serial Number | M56: May 31, 2023 06:29:26 PM | N56: Windows 10 Professionnel,19045 | O56: 64 bit | P56: 8 GB | T56: 1 | U56: 6 | V56: Online | W56: Connected | X56: Up to date | Y56: N/A | Z56: 192.168.17.82 | AA56: No | AB56: 6b30fd64e32b46cd8697b9e3c5b94830 | AC56: 1.69726e+18 | AD56: N/A | AE56: N/A | AF56: Not disabled | AG56: N/A | AH56: May 26, 2025 12:56:30 PM | AI56: MSI | AJ56: No | AK56: No | AL56: disabled | AM56: N/A | AN56: N/A | AO56: N/A | AP56: N/A | AQ56: N/A | AR56: N/A | AS56: N/A | AT56: N/A | AU56: N/A | AV56: N/A | AW56: N/A | AX56: N/A | AY56: N/A | AZ56: N/A | BA56: N/A | BB56: N/A | BC56: N/A | BD56: N/A | BE56: N/A | BF56: N/A | BG56: N/A | BH56: N/A | BI56: N/A | BJ56: N/A | BK56: N/A | BL56: N/A | BM56: N/A | BN56: N/A | BO56: No | BP56: N/A | BQ56: N/A
A57: AMP-2B3YGD2-D | B57: tbrun | C57: UPDATE | D57: MAJ 24/11/2025 | E57: desktop | G57: Dell Inc. - OptiPlex 3040 | H57: Intel(R) Core(TM) i3-6100T CPU @ 3.20GHz | I57: Off | J57: 185.149.219.108 | K57: 23.4.4.223 | L57: 2B3YGD2 | M57: Sep 25, 2023 02:56:21 PM | N57: Windows 10 Professionnel,19045 | O57: 64 bit | P57: 8 GB | S57: Historique | T57: 1 | U57: 2 | V57: Offline | W57: Connected | X57: Up to date | Y57: N/A | Z57: 192.168.16.249 | AA57: No | AB57: 8ee5594ed34546c49780d7d466e7dc25 | AC57: 1.78195e+18 | AD57: N/A | AE57: N/A | AF57: Not disabled | AG57: N/A | AH57: May 23, 2025 01:00:50 PM | AI57: MSI | AJ57: No | AK57: No | AL57: disabled | AM57: N/A | AN57: N/A | AO57: N/A | AP57: N/A | AQ57: N/A | AR57: N/A | AS57: N/A | AT57: N/A | AU57: N/A | AV57: N/A | AW57: N/A | AX57: N/A | AY57: N/A | AZ57: N/A | BA57: N/A | BB57: N/A | BC57: N/A | BD57: N/A | BE57: N/A | BF57: N/A | BG57: N/A | BH57: N/A | BI57: N/A | BJ57: N/A | BK57: N/A | BL57: N/A | BM57: N/A | BN57: N/A | BO57: No | BP57: N/A | BQ57: N/A | BR57: Eol
A58: AMP-2BKTGD2-D | B58: imure | C58: UPDATE | D58: maj 29/10/2025 | E58: desktop | G58: Dell Inc. - OptiPlex 3040 | H58: Intel(R) Core(TM) i3-6100T CPU @ 3.20GHz | I58: Off | J58: 185.149.219.108 | K58: 23.4.4.223 | L58: 2BKTGD2 | M58: Nov 08, 2023 03:23:34 PM | N58: Windows 10 Professionnel,19045 | O58: 64 bit | P58: 4 GB | Q58: 4>8 | S58: PROD | T58: 1 | U58: 2 | V58: Online | W58: Connected | X58: Up to date | Y58: N/A | Z58: 192.168.16.38 | AA58: No | AB58: 5fb4f1fffaae4d3b9dcbbd4ff270cd87 | AC58: 1.81385e+18 | AD58: N/A | AE58: N/A | AF58: Not disabled | AG58: N/A | AH58: May 15, 2025 05:54:02 AM | AI58: MSI | AJ58: No | AK58: No | AL58: disabled | AM58: N/A | AN58: N/A | AO58: N/A | AP58: N/A | AQ58: N/A | AR58: N/A | AS58: N/A | AT58: N/A | AU58: N/A | AV58: N/A | AW58: N/A | AX58: N/A | AY58: N/A | AZ58: N/A | BA58: N/A | BB58: N/A | BC58: N/A | BD58: N/A | BE58: N/A | BF58: N/A | BG58: N/A | BH58: N/A | BI58: N/A | BJ58: N/A | BK58: N/A | BL58: N/A | BM58: N/A | BN58: N/A | BO58: No | BP58: N/A | BQ58: N/A | BR58: contrôle polissage (finition)
A59: AMP-338WGH2-L | B59: mducharne | C59: A CHANGER | D59: changé le 04/11/2025 | E59: laptop | G59: Dell Inc. - Latitude 5580 | H59: Intel(R) Core(TM) i5-6300U CPU @ 2.40GHz | I59: On | J59: 185.149.219.108 | K59: 23.4.4.223 | L59: 338WGH2 | M59: Jul 21, 2023 01:32:40 PM | N59: Windows 10 Professionnel,19045 | O59: 64 bit | P59: 8 GB | T59: 1 | U59: 2 | V59: Offline | W59: Connected | X59: Up to date | Y59: N/A | Z59: 192.168.17.56 | AA59: No | AB59: 263f03e171b64754bb4e4e56a46e6528 | AC59: 1.73407e+18 | AD59: N/A | AE59: N/A | AF59: Not disabled | AG59: N/A | AH59: May 19, 2025 09:55:19 AM | AI59: MSI | AJ59: No | AK59: No | AL59: disabled | AM59: N/A | AN59: N/A | AO59: N/A | AP59: N/A | AQ59: N/A | AR59: N/A | AS59: N/A | AT59: N/A | AU59: N/A | AV59: N/A | AW59: N/A | AX59: N/A | AY59: N/A | AZ59: N/A | BA59: N/A | BB59: N/A | BC59: N/A | BD59: N/A | BE59: N/A | BF59: N/A | BG59: N/A | BH59: N/A | BI59: N/A | BJ59: N/A | BK59: N/A | BL59: N/A | BM59: N/A | BN59: N/A | BO59: No | BP59: N/A | BQ59: N/A
A60: AMP-3WPTP12-L | B60: lvabre | C60: A CHANGER | D60: changé le 19/11/2025 | E60: laptop | F60: connecté avec imprimante | G60: Dell Inc. - Latitude E7440 | H60: Intel(R) Core(TM) i7-4600U CPU @ 2.10GHz | I60: Off | J60: 185.149.219.108 | K60: 23.4.4.223 | L60: 3WPTP12 | M60: Aug 09, 2023 04:15:56 PM | N60: Windows 10 Professionnel,19045 | O60: 64 bit | P60: 8 GB | S60: PROD | T60: 1 | U60: 2 | V60: Online | W60: Connected | X60: Up to date | Y60: N/A | Z60: 192.168.17.86 | AA60: No | AB60: 6771714741974bbc96c3418db9228182 | AC60: 1.74793e+18 | AD60: N/A | AE60: N/A | AF60: Not disabled | AG60: N/A | AH60: May 21, 2025 06:22:12 AM | AI60: MSI | AJ60: No | AK60: No | AL60: disabled | AM60: N/A | AN60: N/A | AO60: N/A | AP60: N/A | AQ60: N/A | AR60: N/A | AS60: N/A | AT60: N/A | AU60: N/A | AV60: N/A | AW60: N/A | AX60: N/A | AY60: N/A | AZ60: N/A | BA60: N/A | BB60: N/A | BC60: N/A | BD60: N/A | BE60: N/A | BF60: N/A | BG60: N/A | BH60: N/A | BI60: N/A | BJ60: N/A | BK60: N/A | BL60: N/A | BM60: N/A | BN60: N/A | BO60: No | BP60: N/A | BQ60: N/A | BR60: logistique
A61: AMP-44C6Y52-L | B61: lfayard | C61: A CHANGER | D61: changé le 11/12/2025 | E61: laptop | F61: attendre | G61: Dell Inc. - Latitude E5550 | H61: Intel(R) Core(TM) i5-5300U CPU @ 2.30GHz | I61: On | J61: 185.149.219.108 | K61: 23.4.4.223 | L61: 44C6Y52 | M61: Jan 05, 2024 12:20:20 PM | N61: Windows 10 Professionnel,19045 | O61: 64 bit | P61: 8 GB | S61: PROD | T61: 1 | U61: 2 | V61: Online | W61: Connected | X61: Up to date | Y61: N/A | Z61: 192.168.17.4 | AA61: No | AB61: c7c272085a4a449d9931349250a76ebc | AC61: 1.8558e+18 | AD61: N/A | AE61: N/A | AF61: Not disabled | AG61: N/A | AH61: May 15, 2025 06:01:56 AM | AI61: MSI | AJ61: No | AK61: No | AL61: disabled | AM61: N/A | AN61: N/A | AO61: N/A | AP61: N/A | AQ61: N/A | AR61: N/A | AS61: N/A | AT61: N/A | AU61: N/A | AV61: N/A | AW61: N/A | AX61: N/A | AY61: N/A | AZ61: N/A | BA61: N/A | BB61: N/A | BC61: N/A | BD61: N/A | BE61: N/A | BF61: N/A | BG61: N/A | BH61: N/A | BI61: N/A | BJ61: N/A | BK61: N/A | BL61: N/A | BM61: N/A | BN61: N/A | BO61: No | BP61: N/A | BQ61: N/A | BR61: Bureau polissage | BS61: mducharne
A62: AMP-5D56Y52-L | B62: pservien | C62: A CHANGER | D62: changé 24/10/2025 | E62: laptop | G62: Dell Inc. - Latitude E5550 | H62: Intel(R) Core(TM) i5-5300U CPU @ 2.30GHz | I62: On | J62: 185.149.219.108 | K62: 23.4.4.223 | L62: 5D56Y52 | M62: Aug 09, 2023 02:58:55 PM | N62: Windows 10 Professionnel,19045 | O62: 64 bit | P62: 8 GB | T62: 1 | U62: 2 | V62: Online | W62: Connected | X62: Up to date | Y62: Completed( Dec 08, 2023 07:55:44 AM ) | Z62: 192.168.16.237 | AA62: No | AB62: a6ef7951f03c4f58b134c81a0b119972 | AC62: 1.74789e+18 | AD62: N/A | AE62: N/A | AF62: Not disabled | AG62: N/A | AH62: May 15, 2025 08:58:39 AM | AI62: MSI | AJ62: No | AK62: No | AL62: disabled | AM62: N/A | AN62: N/A | AO62: N/A | AP62: N/A | AQ62: N/A | AR62: N/A | AS62: N/A | AT62: N/A | AU62: N/A | AV62: N/A | AW62: N/A | AX62: N/A | AY62: N/A | AZ62: N/A | BA62: N/A | BB62: N/A | BC62: N/A | BD62: N/A | BE62: N/A | BF62: N/A | BG62: N/A | BH62: N/A | BI62: N/A | BJ62: N/A | BK62: N/A | BL62: N/A | BM62: N/A | BN62: N/A | BO62: No | BP62: N/A | BQ62: N/A | BS62: NON
A63: AMP-5N7KF72-L | B63: cgounon | C63: A CHANGER | D63: changé le 12/11/2025 | E63: laptop | G63: Dell Inc. - Latitude E5550 | H63: Intel(R) Core(TM) i5-5300U CPU @ 2.30GHz | I63: On | J63: 185.149.219.108 | K63: 23.4.4.223 | L63: 5N7KF72 | M63: May 31, 2024 10:28:54 AM | N63: Windows 10 Professionnel,19045 | O63: 64 bit | P63: 8 GB | S63: PROD | T63: 1 | U63: 2 | V63: Offline | W63: Connected | X63: Up to date | Y63: N/A | Z63: 192.168.16.90 | AA63: No | AB63: 824bf398888a4c0287d6fa84f29f5e14 | AC63: 1.96228e+18 | AD63: N/A | AE63: N/A | AF63: Not disabled | AG63: N/A | AH63: Apr 16, 2025 09:09:06 AM | AI63: MSI | AJ63: No | AK63: No | AL63: disabled | AM63: N/A | AN63: N/A | AO63: N/A | AP63: N/A | AQ63: N/A | AR63: N/A | AS63: N/A | AT63: N/A | AU63: N/A | AV63: N/A | AW63: N/A | AX63: N/A | AY63: N/A | AZ63: N/A | BA63: N/A | BB63: N/A | BC63: N/A | BD63: N/A | BE63: N/A | BF63: N/A | BG63: N/A | BH63: N/A | BI63: N/A | BJ63: N/A | BK63: N/A | BL63: N/A | BM63: N/A | BN63: N/A | BO63: No | BP63: N/A | BQ63: N/A | BR63: Logistique | BS63: NON
A64: AMP-68ZXLH2-L | B64: fdavignon | C64: A CHANGER | D64: changé 11/06/2025 | E64: laptop | G64: Dell Inc. - Latitude 5580 | H64: Intel(R) Core(TM) i5-6300U CPU @ 2.40GHz | I64: Off | J64: 185.149.219.108 | K64: 23.4.4.223 | L64: 68ZXLH2 | M64: Jun 12, 2023 10:33:39 AM | N64: Windows 10 Professionnel,19045 | O64: 64 bit | P64: 8 GB | T64: 1 | U64: 2 | V64: Online | W64: Connected | X64: Up to date | Y64: N/A | Z64: 169.254.179.161 | AA64: No | AB64: 7da314dfb07e41d5a6ccfa329a6d8c5d | AC64: 1.70572e+18 | AD64: N/A | AE64: N/A | AF64: Not disabled | AG64: N/A | AH64: May 23, 2025 06:45:52 AM | AI64: MSI | AJ64: No | AK64: No | AL64: disabled | AM64: N/A | AN64: N/A | AO64: N/A | AP64: N/A | AQ64: N/A | AR64: N/A | AS64: N/A | AT64: N/A | AU64: N/A | AV64: N/A | AW64: N/A | AX64: N/A | AY64: N/A | AZ64: N/A | BA64: N/A | BB64: N/A | BC64: N/A | BD64: N/A | BE64: N/A | BF64: N/A | BG64: N/A | BH64: N/A | BI64: N/A | BJ64: N/A | BK64: N/A | BL64: N/A | BM64: N/A | BN64: N/A | BO64: No | BP64: N/A | BQ64: N/A
A65: AMP-6MXZG62-D | B65: jmortier | C65: UPDATE | D65: MAJ 13/11/2025 | E65: desktop | F65: Voir avec Djamel | G65: Dell Inc. - Precision Tower 5810 | H65: Intel(R) Xeon(R) CPU E5-1607 v3 @ 3.10GHz | I65: Off | J65: 185.149.219.108 | K65: 23.4.4.223 | L65: 6MXZG62 | M65: May 31, 2023 05:15:07 PM | N65: Windows 10 Pro,19045 | O65: 64 bit | P65: 8 GB | S65: PROD | T65: 1 | U65: 4 | V65: Online | W65: Connected | X65: Up to date | Y65: N/A | Z65: 192.168.17.18 | AA65: No | AB65: eb843ffaaad54ec5857946394d5d4e4c | AC65: 1.69722e+18 | AD65: N/A | AE65: N/A | AF65: Not disabled | AG65: N/A | AH65: May 16, 2025 01:22:46 PM | AI65: MSI | AJ65: No | AK65: No | AL65: disabled | AM65: N/A | AN65: N/A | AO65: N/A | AP65: N/A | AQ65: N/A | AR65: N/A | AS65: N/A | AT65: N/A | AU65: N/A | AV65: N/A | AW65: N/A | AX65: N/A | AY65: N/A | AZ65: N/A | BA65: N/A | BB65: N/A | BC65: N/A | BD65: N/A | BE65: N/A | BF65: N/A | BG65: N/A | BH65: N/A | BI65: N/A | BJ65: N/A | BK65: N/A | BL65: N/A | BM65: N/A | BN65: N/A | BO65: No | BP65: N/A | BQ65: N/A | BR65: contrôle qualité(métrologie)
A66: AMP-6WZTP12-L | B66: aduplan | C66: A CHANGER | D66: changé 04/07/2025 | E66: laptop | G66: Dell Inc. - Precision M4800 | H66: Intel(R) Core(TM) i7-4710MQ CPU @ 2.50GHz | I66: On | J66: 185.149.219.108 | K66: 23.4.4.223 | L66: 6WZTP12 | M66: Jun 09, 2023 01:50:24 PM | N66: Windows 10 Pro,19045 | O66: 64 bit | P66: 16 GB | T66: 1 | U66: 4 | V66: Online | W66: Connected | X66: Up to date | Y66: N/A | Z66: 192.168.152.42 | AA66: No | AB66: 61b8c4caf56347ac84c923b7bdce6527 | AC66: 1.70364e+18 | AD66: N/A | AE66: N/A | AF66: Not disabled | AG66: N/A | AH66: May 23, 2025 11:09:24 AM | AI66: MSI | AJ66: No | AK66: No | AL66: disabled | AM66: N/A | AN66: N/A | AO66: N/A | AP66: N/A | AQ66: N/A | AR66: N/A | AS66: N/A | AT66: N/A | AU66: N/A | AV66: N/A | AW66: N/A | AX66: N/A | AY66: N/A | AZ66: N/A | BA66: N/A | BB66: N/A | BC66: N/A | BD66: N/A | BE66: N/A | BF66: N/A | BG66: N/A | BH66: N/A | BI66: N/A | BJ66: N/A | BK66: N/A | BL66: N/A | BM66: N/A | BN66: N/A | BO66: No | BP66: N/A | BQ66: N/A
A67: AMP-6XF48C2-D | B67: estaelen | C67: UPDATE | D67: maj 23/10/2025 | E67: desktop | G67: Dell Inc. - OptiPlex 3040 | H67: Intel(R) Core(TM) i3-6100T CPU @ 3.20GHz | I67: Off | J67: 185.149.219.108 | K67: 23.4.4.223 | L67: 6XF48C2 | M67: Aug 10, 2023 09:45:16 AM | N67: Windows 10 Professionnel,19045 | O67: 64 bit | P67: 8 GB | S67: PROD | T67: 1 | U67: 2 | V67: Online | W67: Connected | X67: Up to date | Y67: N/A | Z67: N/A | AA67: No | AB67: 854d0780447e4e19bb97f37528487e10 | AC67: 1.74845e+18 | AD67: N/A | AE67: N/A | AF67: Not disabled | AG67: N/A | AH67: May 16, 2025 12:13:33 PM | AI67: MSI | AJ67: No | AK67: No | AL67: disabled | AM67: N/A | AN67: N/A | AO67: N/A | AP67: N/A | AQ67: N/A | AR67: N/A | AS67: N/A | AT67: N/A | AU67: N/A | AV67: N/A | AW67: N/A | AX67: N/A | AY67: N/A | AZ67: N/A | BA67: N/A | BB67: N/A | BC67: N/A | BD67: N/A | BE67: N/A | BF67: N/A | BG67: N/A | BH67: N/A | BI67: N/A | BJ67: N/A | BK67: N/A | BL67: N/A | BM67: N/A | BN67: N/A | BO67: No | BP67: N/A | BQ67: N/A | BR67: contrôle qualité
A68: AMP-6XQ48C2-D | C68: UPDATE | D68: maj 29/10/2025 | E68: Desktop | L68: 6XQ48C2 | P68: 4GB
A69: AMP-6XQ48C2-D | B69: bcharpenel | C69: UPDATE | D69: maj 27/10/2025 | E69: desktop | G69: Dell Inc. - OptiPlex 3040 | H69: Intel(R) Core(TM) i3-6100T CPU @ 3.20GHz | I69: Off | J69: 185.149.219.108 | K69: 23.4.4.223 | L69: 6XQ48C2 | M69: Nov 08, 2023 02:07:24 PM | N69: Windows 10 Professionnel,19045 | O69: 64 bit | P69: 4 GB | Q69: 4>8 | S69: PROD | T69: 1 | U69: 2 | V69: Online | W69: Connected | X69: Up to date | Y69: N/A | Z69: 192.168.16.182 | AA69: No | AB69: a962659a8e734b029b5d7a2a3b1a47f0 | AC69: 1.81382e+18 | AD69: N/A | AE69: N/A | AF69: Not disabled | AG69: N/A | AH69: May 14, 2025 06:33:58 AM | AI69: MSI | AJ69: No | AK69: No | AL69: disabled | AM69: N/A | AN69: N/A | AO69: N/A | AP69: N/A | AQ69: N/A | AR69: N/A | AS69: N/A | AT69: N/A | AU69: N/A | AV69: N/A | AW69: N/A | AX69: N/A | AY69: N/A | AZ69: N/A | BA69: N/A | BB69: N/A | BC69: N/A | BD69: N/A | BE69: N/A | BF69: N/A | BG69: N/A | BH69: N/A | BI69: N/A | BJ69: N/A | BK69: N/A | BL69: N/A | BM69: N/A | BN69: N/A | BO69: No | BP69: N/A | BQ69: N/A | BR69: contrôle polissage (finition)
A70: AMP-7BG4C92-D | B70: estaelen | C70: UPDATE | D70: maj 27/10/2025 | E70: desktop | G70: Dell Inc. - OptiPlex 3020M | H70: Intel(R) Core(TM) i3-4160T CPU @ 3.10GHz | I70: Off | J70: 185.149.219.108 | K70: 23.4.4.223 | L70: 7BG4C92 | M70: Nov 17, 2023 10:27:06 AM | N70: Windows 10 Professionnel,19045 | O70: 64 bit | P70: 4 GB | Q70: 4>8 | S70: PROD | T70: 1 | U70: 2 | V70: Online | W70: Connected | X70: Up to date | Y70: N/A | Z70: N/A | AA70: No | AB70: 62fc675981424b74b6a7015dc64e25bf | AC70: 1.82023e+18 | AD70: N/A | AE70: N/A | AF70: Not disabled | AG70: N/A | AH70: May 27, 2025 06:17:58 AM | AI70: MSI | AJ70: No | AK70: No | AL70: disabled | AM70: N/A | AN70: N/A | AO70: N/A | AP70: N/A | AQ70: N/A | AR70: N/A | AS70: N/A | AT70: N/A | AU70: N/A | AV70: N/A | AW70: N/A | AX70: N/A | AY70: N/A | AZ70: N/A | BA70: N/A | BB70: N/A | BC70: N/A | BD70: N/A | BE70: N/A | BF70: N/A | BG70: N/A | BH70: N/A | BI70: N/A | BJ70: N/A | BK70: N/A | BL70: N/A | BM70: N/A | BN70: N/A | BO70: No | BP70: N/A | BQ70: N/A | BR70: contrôle qualité (métrologie)
A71: AMP-868WGH2-L | B71: jfriccio | C71: UPDATE | D71: maj 05/11/2025 | E71: laptop | G71: Latitude 5580 | H71: Intel(R) Core(TM) i5-6300U CPU @ 2.40GHz | Q71: 8>16
A72: AMP-9ZP7NN2-L | B72: jbillion | C72: A CHANGER | D72: changé 25/07/2025 | E72: laptop | G72: Dell Inc. - Latitude 5580 | H72: Intel(R) Core(TM) i5-7300U CPU @ 2.60GHz | I72: On | J72: 185.149.219.108 | K72: 23.4.4.223 | L72: 9ZP7NN2 | M72: Feb 05, 2024 02:50:33 PM | N72: Windows 10 Professionnel,19045 | O72: 64 bit | P72: 8 GB | T72: 1 | U72: 2 | V72: Online | W72: Connected | X72: Up to date | Y72: N/A | Z72: 192.168.16.69 | AA72: No | AB72: 090479dbc0844ea899d052ea0208dbe3 | AC72: 1.87834e+18 | AD72: N/A | AE72: N/A | AF72: Not disabled | AG72: N/A | AH72: May 16, 2025 06:39:11 AM | AI72: MSI | AJ72: No | AK72: No | AL72: disabled | AM72: N/A | AN72: N/A | AO72: N/A | AP72: N/A | AQ72: N/A | AR72: N/A | AS72: N/A | AT72: N/A | AU72: N/A | AV72: N/A | AW72: N/A | AX72: N/A | AY72: N/A | AZ72: N/A | BA72: N/A | BB72: N/A | BC72: N/A | BD72: N/A | BE72: N/A | BF72: N/A | BG72: N/A | BH72: N/A | BI72: N/A | BJ72: N/A | BK72: N/A | BL72: N/A | BM72: N/A | BN72: N/A | BO72: No | BP72: N/A | BQ72: N/A
A73: AMP-B7Q6HR2-L | B73: acoulmier | C73: A CHANGER | D73: changé 20/10/2025 | E73: laptop | G73: Dell Inc. - Latitude 5590 | H73: Intel(R) Core(TM) i5-7300U CPU @ 2.60GHz | I73: On | J73: 185.149.219.108 | K73: 23.4.4.223 | L73: B7Q6HR2 | M73: Feb 02, 2024 11:02:00 AM | N73: Windows 10 Professionnel,19045 | O73: 64 bit | P73: 8 GB | T73: 1 | U73: 2 | V73: Online | W73: Connected | X73: Up to date | Y73: N/A | Z73: 192.168.17.94 | AA73: No | AB73: b95f7e20af6646f8bbe6a4403a00c873 | AC73: 1.87605e+18 | AD73: N/A | AE73: N/A | AF73: Not disabled | AG73: N/A | AH73: May 23, 2025 06:40:45 AM | AI73: MSI | AJ73: No | AK73: No | AL73: disabled | AM73: N/A | AN73: N/A | AO73: N/A | AP73: N/A | AQ73: N/A | AR73: N/A | AS73: N/A | AT73: N/A | AU73: N/A | AV73: N/A | AW73: N/A | AX73: N/A | AY73: N/A | AZ73: N/A | BA73: N/A | BB73: N/A | BC73: N/A | BD73: N/A | BE73: N/A | BF73: N/A | BG73: N/A | BH73: N/A | BI73: N/A | BJ73: N/A | BK73: N/A | BL73: N/A | BM73: N/A | BN73: N/A | BO73: No | BP73: N/A | BQ73: N/A | BS73: OUI
A74: AMP-CKGNYZ1-L | B74: jhartmann | C74: A CHANGER | D74: changé 11/06/2025 | E74: laptop | G74: Dell Inc. - Latitude E5540 | H74: Intel(R) Core(TM) i5-4300U CPU @ 1.90GHz | I74: On | J74: 185.149.219.108 | K74: 23.4.4.223 | L74: CKGNYZ1 | M74: Jun 06, 2023 06:25:26 AM | N74: Windows 10 Professionnel,19045 | O74: 64 bit | P74: 4 GB | T74: 1 | U74: 2 | V74: Online | W74: Connected | X74: Up to date | Y74: N/A | Z74: 192.168.16.45 | AA74: No | AB74: c06a233c48ad4038baf4d9714a02deaa | AC74: 1.70124e+18 | AD74: N/A | AE74: N/A | AF74: Not disabled | AG74: N/A | AH74: May 27, 2025 06:25:14 AM | AI74: MSI | AJ74: No | AK74: No | AL74: disabled | AM74: N/A | AN74: N/A | AO74: N/A | AP74: N/A | AQ74: N/A | AR74: N/A | AS74: N/A | AT74: N/A | AU74: N/A | AV74: N/A | AW74: N/A | AX74: N/A | AY74: N/A | AZ74: N/A | BA74: N/A | BB74: N/A | BC74: N/A | BD74: N/A | BE74: N/A | BF74: N/A | BG74: N/A | BH74: N/A | BI74: N/A | BJ74: N/A | BK74: N/A | BL74: N/A | BM74: N/A | BN74: N/A | BO74: No | BP74: N/A | BQ74: N/A
A75: AMP-D89HJ72-L | B75: cvigneau | C75: A CHANGER | D75: changé 07/08/2025 | E75: laptop | G75: Dell Inc. - Latitude E5550 | H75: Intel(R) Core(TM) i5-5300U CPU @ 2.30GHz | I75: On | J75: 185.149.219.108 | K75: 23.4.4.223 | L75: D89HJ72 | M75: Jun 12, 2023 06:42:52 AM | N75: Windows 10 Professionnel,19045 | O75: 64 bit | P75: 8 GB | T75: 1 | U75: 2 | V75: Online | W75: Connected | X75: Up to date | Y75: N/A | Z75: 192.168.16.67 | AA75: No | AB75: 2c57c4d6304841cb8915051b7e274429 | AC75: 1.7056e+18 | AD75: N/A | AE75: N/A | AF75: Not disabled | AG75: N/A | AH75: May 14, 2025 01:43:14 PM | AI75: MSI | AJ75: No | AK75: No | AL75: disabled | AM75: N/A | AN75: N/A | AO75: N/A | AP75: N/A | AQ75: N/A | AR75: N/A | AS75: N/A | AT75: N/A | AU75: N/A | AV75: N/A | AW75: N/A | AX75: N/A | AY75: N/A | AZ75: N/A | BA75: N/A | BB75: N/A | BC75: N/A | BD75: N/A | BE75: N/A | BF75: N/A | BG75: N/A | BH75: N/A | BI75: N/A | BJ75: N/A | BK75: N/A | BL75: N/A | BM75: N/A | BN75: N/A | BO75: No | BP75: N/A | BQ75: N/A | BS75: NON
A76: AMP-G6LKF72-L | B76: xmagarinos | C76: A CHANGER | D76: changé le 11/12/2025 | E76: laptop | F76: attendre | G76: Dell Inc. - Latitude E5550 | H76: Intel(R) Core(TM) i5-5300U CPU @ 2.30GHz | I76: On | J76: 185.149.219.108 | K76: 23.4.4.223 | L76: G6LKF72 | M76: Sep 14, 2023 01:28:08 PM | N76: Windows 10 Professionnel,19045 | O76: 64 bit | P76: 8 GB | T76: 1 | U76: 2 | V76: Offline | W76: Connected | X76: Up to date | Y76: N/A | Z76: 192.168.16.195 | AA76: No | AB76: 4fdb601187b94f58a408faadcb82553b | AC76: 1.77393e+18 | AD76: N/A | AE76: N/A | AF76: Not disabled | AG76: N/A | AH76: May 15, 2025 02:50:17 PM | AI76: MSI | AJ76: No | AK76: No | AL76: disabled | AM76: N/A | AN76: N/A | AO76: N/A | AP76: N/A | AQ76: N/A | AR76: N/A | AS76: N/A | AT76: N/A | AU76: N/A | AV76: N/A | AW76: N/A | AX76: N/A | AY76: N/A | AZ76: N/A | BA76: N/A | BB76: N/A | BC76: N/A | BD76: N/A | BE76: N/A | BF76: N/A | BG76: N/A | BH76: N/A | BI76: N/A | BJ76: N/A | BK76: N/A | BL76: N/A | BM76: N/A | BN76: N/A | BO76: No | BP76: N/A | BQ76: N/A | BS76: Svaschy
A77: AMP-HSV2H92-D | B77: controle_sofab | C77: UPDATE | D77: MAJ 14/11/2025 | E77: desktop | F77: Voir avec Djamel | G77: Dell Inc. - Precision Tower 5810 | H77: Intel(R) Xeon(R) CPU E5-1607 v3 @ 3.10GHz | I77: Off | J77: 185.149.219.108 | K77: 23.4.4.223 | L77: HSV2H92 | M77: Jun 08, 2023 10:47:28 AM | N77: Windows 10 Professionnel,19045 | O77: 64 bit | P77: 8 GB | S77: PROD | T77: 1 | U77: 4 | V77: Online | W77: Connected | X77: Up to date | Y77: N/A | Z77: 192.168.16.95 | AA77: No | AB77: 8a4e8d1220b242ad81ce406c1fc1f5de | AC77: 1.70282e+18 | AD77: N/A | AE77: N/A | AF77: Not disabled | AG77: N/A | AH77: May 15, 2025 12:49:24 PM | AI77: MSI | AJ77: No | AK77: No | AL77: disabled | AM77: N/A | AN77: N/A | AO77: N/A | AP77: N/A | AQ77: N/A | AR77: N/A | AS77: N/A | AT77: N/A | AU77: N/A | AV77: N/A | AW77: N/A | AX77: N/A | AY77: N/A | AZ77: N/A | BA77: N/A | BB77: N/A | BC77: N/A | BD77: N/A | BE77: N/A | BF77: N/A | BG77: N/A | BH77: N/A | BI77: N/A | BJ77: N/A | BK77: N/A | BL77: N/A | BM77: N/A | BN77: N/A | BO77: No | BP77: N/A | BQ77: N/A | BR77: contrôle qualité ( métrologie )
A78: AMP-J3F0J42-D | C78: UPDATE | D78: maj 29/10/2025 | E78: desktop | L78: j3f0j42 | O78: 64 bit | P78: 4 GB | Q78: 4>8 | S78: historique | BR78: compta
A79: AMP-JCR3JR2-L | B79: mbernard | C79: A CHANGER | D79: changé 21/10/2025 | E79: laptop | G79: Dell Inc. - Latitude 7390 | H79: Intel(R) Core(TM) i5-7300U CPU @ 2.60GHz | I79: On | J79: 90.66.238.49 | K79: 23.4.4.223 | L79: JCR3JR2 | M79: Nov 17, 2023 10:19:02 AM | N79: Windows 10 Professionnel,19045 | O79: 64 bit | P79: 8 GB | T79: 1 | U79: 2 | V79: Offline | W79: Connected | X79: Up to date | Y79: N/A | Z79: 192.168.1.12 | AA79: No | AB79: 7dd14f4df36e437fb35d48403dcac687 | AC79: 1.82022e+18 | AD79: N/A | AE79: N/A | AF79: Not disabled | AG79: N/A | AH79: May 19, 2025 07:52:06 AM | AI79: MSI | AJ79: No | AK79: No | AL79: disabled | AM79: N/A | AN79: N/A | AO79: N/A | AP79: N/A | AQ79: N/A | AR79: N/A | AS79: N/A | AT79: N/A | AU79: N/A | AV79: N/A | AW79: N/A | AX79: N/A | AY79: N/A | AZ79: N/A | BA79: N/A | BB79: N/A | BC79: N/A | BD79: N/A | BE79: N/A | BF79: N/A | BG79: N/A | BH79: N/A | BI79: N/A | BJ79: N/A | BK79: N/A | BL79: N/A | BM79: N/A | BN79: N/A | BO79: No | BP79: N/A | BQ79: N/A
A80: SOFAB-13-003D | B80: marquage_sofab | C80: NE PAS TOUCHER | D80: N/A | E80: desktop | G80: - | H80: Intel(R) Pentium(R) CPU G2020 @ 2.90GHz | I80: Off | J80: 185.149.219.108 | K80: 23.4.4.223 | M80: Jan 15, 2024 02:36:25 PM | N80: Windows 10 Professionnel,19045 | O80: 32 bit | P80: 3 GB | S80: PROD | T80: 1 | U80: 2 | V80: Offline | W80: Connected | X80: Up to date | Y80: N/A | Z80: 192.168.16.108 | AA80: No | AB80: ec7bb1fa7b6240008ae97e9dd41b0faa | AC80: 1.86311e+18 | AD80: N/A | AE80: N/A | AF80: Not disabled | AG80: N/A | AH80: May 26, 2025 02:33:29 PM | AI80: MSI | AJ80: No | AK80: No | AL80: disabled | AM80: N/A | AN80: N/A | AO80: N/A | AP80: N/A | AQ80: N/A | AR80: N/A | AS80: N/A | AT80: N/A | AU80: N/A | AV80: N/A | AW80: N/A | AX80: N/A | AY80: N/A | AZ80: N/A | BA80: N/A | BB80: N/A | BC80: N/A | BD80: N/A | BE80: N/A | BF80: N/A | BG80: N/A | BH80: N/A | BI80: N/A | BJ80: N/A | BK80: N/A | BL80: N/A | BM80: N/A | BN80: N/A | BO80: No | BP80: N/A | BQ80: N/A | BR80: Marquage Laser
A81: SOFAB-13-004D | B81: lfayard | C81: NE PAS TOUCHER | D81: N/A | E81: desktop | G81: - | H81: Intel(R) Pentium(R) CPU G2020 @ 2.90GHz | I81: Off | J81: 185.149.219.108 | K81: 23.4.4.223 | M81: Jun 09, 2023 01:11:55 PM | N81: Windows 10 Professionnel,19045 | O81: 32 bit | P81: 3 GB | S81: PROD | T81: 1 | U81: 2 | V81: Online | W81: Connected | X81: Up to date | Y81: N/A | Z81: 192.168.17.146 | AA81: No | AB81: f23a0909834c48e19744ce567656b997 | AC81: 1.70362e+18 | AD81: N/A | AE81: N/A | AF81: Not disabled | AG81: N/A | AH81: May 22, 2025 03:01:14 AM | AI81: MSI | AJ81: No | AK81: No | AL81: disabled | AM81: N/A | AN81: N/A | AO81: N/A | AP81: N/A | AQ81: N/A | AR81: N/A | AS81: N/A | AT81: N/A | AU81: N/A | AV81: N/A | AW81: N/A | AX81: N/A | AY81: N/A | AZ81: N/A | BA81: N/A | BB81: N/A | BC81: N/A | BD81: N/A | BE81: N/A | BF81: N/A | BG81: N/A | BH81: N/A | BI81: N/A | BJ81: N/A | BK81: N/A | BL81: N/A | BM81: N/A | BN81: N/A | BO81: No | BP81: N/A | BQ81: N/A | BR81: Marquage Laser
A82: SOFAB-17-002D | B82: cgounon | C82: A CHANGER | D82: Changé 12/11/2025 | E82: desktop | G82: HP - HP ProDesk 400 G4 SFF | H82: Intel(R) Core(TM) i5-6500 CPU @ 3.20GHz | I82: Off | J82: 185.149.219.108 | K82: 23.4.4.223 | L82: CZC7288YP6 | M82: Jul 31, 2023 03:47:39 PM | N82: Windows 10 Professionnel,19045 | O82: 64 bit | P82: 8 GB | S82: PROD | T82: 1 | U82: 4 | V82: Online | W82: Connected | X82: Up to date | Y82: N/A | Z82: 192.168.17.47 | AA82: No | AB82: 52964e98223241a59ded24135048e3b2 | AC82: 1.74139e+18 | AD82: N/A | AE82: N/A | AF82: Not disabled | AG82: N/A | AH82: May 19, 2025 06:04:14 AM | AI82: MSI | AJ82: No | AK82: No | AL82: disabled | AM82: N/A | AN82: N/A | AO82: N/A | AP82: N/A | AQ82: N/A | AR82: N/A | AS82: N/A | AT82: N/A | AU82: N/A | AV82: N/A | AW82: N/A | AX82: N/A | AY82: N/A | AZ82: N/A | BA82: N/A | BB82: N/A | BC82: N/A | BD82: N/A | BE82: N/A | BF82: N/A | BG82: N/A | BH82: N/A | BI82: N/A | BJ82: N/A | BK82: N/A | BL82: N/A | BM82: N/A | BN82: N/A | BO82: No | BP82: N/A | BQ82: N/A | BR82: Logistique
A83: SOFAB-22-003D | B83: marquage_sofab | C83: NE PAS TOUCHER | D83: N/A | E83: desktop | G83: ASUS - System Product Name | H83: Intel(R) Core(TM) i5-10400 CPU @ 2.90GHz | L83: System Serial Number | O83: 64 bit | P83: 16 GB | S83: PROD | BR83: Marquage Laser

Sheet W11->25H2
B1: amp-h90m2c4-l | C1: Bseux | D1: Achat | E1: OK
B2: amp-77xbj72-l | C2: mroussin | D2: PROD | E2: OK
B3: amp-7xd0j42-d | C3: magups | D3: LOGI | E3: OK
B4: amp-d1c6y52-l | C4: rsichouc | D4: MAINT | E4: OK
B5: amp-hld0j42-d | C5: adiaw | D5: EXPORT | E5: OK
B6: amp-3kh3h92-d | C6: clarpin | D6: COMPTA | E6: OK
B7: amp-2xrxz84-d | C7: cgounon | D7: UTILE ? | E7: OK
B8: amp-6ysw262-l | C8: msoilihi | D8: CSE | E8: OK
B9: amp-fhxbv02-d | C9: image | D9: IMAGE | E9: OK
B10: amp-3657hr2-l | C10: tmarion | D10: LOGI | E10: OK
B11: amp-grm4c12-d | C11: crichard | D11: COMPTA | E11: OK
B12: amp-8xt6m12-l | C12: mgiroud | D12: MAINT | E12: OK

Sheet Avancement
B2: NB PC en W10 | C2: =C7+C8 -> 74 | D2: Fait | E2: =C2-E7-E8 -> 1 | F2: Reste à faire
B3: LAPTOP à changer | C3: {=SUMPRODUCT((Parc!$C$2:$C$105="a changer")*(Parc!$E$2:$E$105="laptop"))} -> 28 | D3: LAPTOP changé | E3: {=SUMPRODUCT((Parc!$E$2:$E$105="laptop")*(ISNUMBER(SEARCH("changé",Parc!D2:D105))))} -> 28 | F3: =C3-E3 -> 0
B4: LAPTOP à upgrade | C4: {=SUMPRODUCT((Parc!$C$2:$C$105="Update")*(Parc!$E$2:$E$105="laptop"))} -> 6 | D4: LAPTOP upgrade | E4: {=SUMPRODUCT((Parc!$E$2:$E$105="laptop")*(ISNUMBER(SEARCH("maj",Parc!D2:D105))))} -> 6 | F4: =C4-E4 -> 0
B5: DESKTOP à changer | C5: {=SUMPRODUCT((Parc!$C$2:$C$105="a changer")*(Parc!$E$2:$E$105="desktop"))} -> 4 | D5: DESKTOP changé | E5: {=SUMPRODUCT((Parc!$E$2:$E$105="desktop")*(ISNUMBER(SEARCH("changé",Parc!D2:D105))))} -> 4 | F5: =C5-E5 -> 0
B6: DESKTOP à upgrade | C6: {=SUMPRODUCT((Parc!$C$2:$C$105="Update")*(Parc!$E$2:$E$105="desktop"))} -> 36 | D6: DESKTOP upgrade | E6: {=SUMPRODUCT((Parc!$E$2:$E$105="desktop")*(ISNUMBER(SEARCH("maj",Parc!D2:D105))))} -> 35 | F6: =C6-E6 -> 1
B7: PC total à CHANGER | C7: =COUNTIF(Parc!C:C,"a changer") -> 32 | D7: PC changé | E7: {=SUMPRODUCT(--(ISNUMBER(SEARCH("changé",Parc!D:D))))} -> 32 | F7: =C7-E7 -> 0
B8: PC total à UPGRADE | C8: =COUNTIF(Parc!C:C,"UPDATE") -> 42 | D8: PC mis à jour | E8: {=SUMPRODUCT(--(ISNUMBER(SEARCH("MAJ",Parc!D:D))))} -> 41 | F8: =C8-E8 -> 1
B9: PC A NE PAS TOUCHER | C9: =COUNTIF(Parc!C:C,"NE PAS TOUCHER") -> 8
